store,inspection_date,checklist_score,open_issues,issue_notes
FB-01,2026-08-30,88,1,Staff uniform/hygiene
FB-01,2026-09-30,90,1,Price labels missing
FB-01,2026-11-03,86,1,Cleanliness – back room
FB-02,2026-09-01,93,0,
FB-02,2026-10-04,95,0,
FB-02,2026-10-29,95,1,Cleanliness – back room
FB-03,2026-09-04,90,0,
FB-03,2026-09-30,86,1,FIFO not followed
FB-03,2026-10-29,87,0,
FB-04,2026-09-02,85,1,Expired item on shelf
FB-04,2026-09-30,96,1,Cold-chain log incomplete
FB-04,2026-10-31,84,0,
FB-05,2026-09-03,95,1,Pest-control record overdue
FB-05,2026-09-29,95,0,
FB-05,2026-11-01,91,1,FIFO not followed
FB-06,2026-09-03,83,0,
FB-06,2026-09-30,92,1,Cleanliness – back room
FB-06,2026-10-30,96,1,Pest-control record overdue
FB-07,2026-09-03,89,0,
FB-07,2026-10-03,92,0,
FB-07,2026-10-30,96,0,
FB-08,2026-09-01,84,1,Cold-chain log incomplete
FB-08,2026-10-01,85,0,
FB-08,2026-10-30,85,1,Price labels missing
FB-09,2026-09-02,93,1,Pest-control record overdue
FB-09,2026-10-02,84,1,Cleanliness – back room
FB-09,2026-11-02,89,1,FIFO not followed
FB-10,2026-09-01,95,1,Cleanliness – back room
FB-10,2026-10-03,87,0,
FB-10,2026-11-03,88,1,Cleanliness – back room
FB-11,2026-09-02,95,1,Expired item on shelf
FB-11,2026-10-01,94,1,Staff uniform/hygiene
FB-11,2026-10-31,82,1,Expired item on shelf
FB-12,2026-09-03,93,1,Price labels missing
FB-12,2026-10-04,96,1,Expired item on shelf
FB-12,2026-10-31,95,0,
FB-13,2026-08-31,85,0,
FB-13,2026-09-29,87,0,
FB-13,2026-10-29,92,1,Price labels missing
FB-14,2026-09-02,95,0,
FB-14,2026-09-29,84,0,
FB-14,2026-11-01,96,1,Price labels missing
FB-15,2026-08-30,86,0,
FB-15,2026-10-02,91,1,Pest-control record overdue
FB-15,2026-10-29,87,0,
FB-16,2026-09-02,85,0,
FB-16,2026-10-02,86,1,Price labels missing
FB-16,2026-11-02,91,0,
FB-17,2026-09-03,90,1,Pest-control record overdue
FB-17,2026-10-04,87,1,Pest-control record overdue
FB-17,2026-10-31,92,0,
FB-18,2026-09-04,87,1,FIFO not followed
FB-18,2026-10-04,92,0,
FB-18,2026-11-03,84,0,
FB-19,2026-09-02,92,1,FIFO not followed
FB-19,2026-10-02,96,1,Pest-control record overdue
FB-19,2026-10-29,85,1,Pest-control record overdue
FB-20,2026-09-04,91,1,Cleanliness – back room
FB-20,2026-09-29,86,1,FIFO not followed
FB-20,2026-10-29,87,1,Expired item on shelf
FB-21,2026-09-01,71,2,Cold-chain log incomplete; FIFO not followed
FB-21,2026-10-02,64,3,Cold-chain log incomplete; FIFO not followed; Expired item on shelf
FB-21,2026-11-01,58,5,Cold-chain log incomplete; FIFO not followed; Expired item on shelf; Pest-control record overdue; Cleanliness – back room
FB-22,2026-08-30,88,1,FIFO not followed
FB-22,2026-10-04,94,0,
FB-22,2026-10-31,87,1,Expired item on shelf
FB-23,2026-09-03,96,0,
FB-23,2026-10-04,84,0,
FB-23,2026-11-02,82,1,FIFO not followed
FB-24,2026-09-01,96,1,Pest-control record overdue
FB-24,2026-10-01,89,1,Expired item on shelf
FB-24,2026-11-01,83,0,
FB-25,2026-09-04,86,0,
FB-25,2026-10-03,87,0,
FB-25,2026-11-02,89,0,
