store,date,footfall,transactions,avg_bill_value
FB-01,2026-09-17,61,46,304.0
FB-01,2026-09-18,60,47,349.0
FB-01,2026-09-19,57,48,333.0
FB-01,2026-09-20,57,54,319.0
FB-01,2026-09-21,58,39,423.0
FB-01,2026-09-22,59,40,352.0
FB-01,2026-09-23,63,42,332.0
FB-01,2026-09-24,55,49,352.0
FB-01,2026-09-25,60,45,315.0
FB-01,2026-09-26,56,50,344.0
FB-01,2026-09-27,62,50,342.0
FB-01,2026-09-28,57,50,296.0
FB-01,2026-09-29,57,36,269.0
FB-01,2026-09-30,58,46,410.0
FB-01,2026-10-01,62,48,315.0
FB-01,2026-10-02,61,42,345.0
FB-01,2026-10-03,55,44,325.0
FB-01,2026-10-04,64,53,333.0
FB-01,2026-10-05,57,45,313.0
FB-01,2026-10-06,63,53,334.0
FB-01,2026-10-07,57,43,336.0
FB-01,2026-10-08,63,51,311.0
FB-01,2026-10-09,57,45,340.0
FB-01,2026-10-10,59,49,291.0
FB-01,2026-10-11,61,53,332.0
FB-01,2026-10-12,59,48,376.0
FB-01,2026-10-13,57,51,329.0
FB-01,2026-10-14,56,41,384.0
FB-01,2026-10-15,59,41,357.0
FB-01,2026-10-16,61,49,389.0
FB-01,2026-10-17,59,60,392.0
FB-01,2026-10-18,60,60,322.0
FB-01,2026-10-19,58,42,375.0
FB-01,2026-10-20,61,44,302.0
FB-01,2026-10-21,63,30,358.0
FB-01,2026-10-22,62,42,360.0
FB-01,2026-10-23,59,49,331.0
FB-01,2026-10-24,63,47,363.0
FB-01,2026-10-25,64,54,343.0
FB-01,2026-10-26,56,41,317.0
FB-01,2026-10-27,63,46,304.0
FB-01,2026-10-28,60,53,287.0
FB-01,2026-10-29,63,43,347.0
FB-01,2026-10-30,55,45,374.0
FB-01,2026-10-31,56,53,325.0
FB-01,2026-11-01,60,50,349.0
FB-01,2026-11-02,59,49,333.0
FB-01,2026-11-03,57,41,336.0
FB-01,2026-11-04,59,48,334.0
FB-01,2026-11-05,55,53,367.0
FB-01,2026-11-06,63,49,330.0
FB-01,2026-11-07,55,56,349.0
FB-01,2026-11-08,57,54,327.0
FB-01,2026-11-09,61,47,339.0
FB-01,2026-11-10,62,47,297.0
FB-01,2026-11-11,61,41,325.0
FB-01,2026-11-12,63,55,318.0
FB-01,2026-11-13,58,46,393.0
FB-01,2026-11-14,63,54,351.0
FB-01,2026-11-15,62,50,290.0
FB-02,2026-09-17,85,60,313.0
FB-02,2026-09-18,83,61,341.0
FB-02,2026-09-19,87,73,378.0
FB-02,2026-09-20,81,87,344.0
FB-02,2026-09-21,91,65,361.0
FB-02,2026-09-22,82,68,337.0
FB-02,2026-09-23,87,57,319.0
FB-02,2026-09-24,87,59,384.0
FB-02,2026-09-25,83,63,313.0
FB-02,2026-09-26,86,78,361.0
FB-02,2026-09-27,83,76,308.0
FB-02,2026-09-28,86,65,353.0
FB-02,2026-09-29,84,63,356.0
FB-02,2026-09-30,81,71,294.0
FB-02,2026-10-01,87,69,323.0
FB-02,2026-10-02,86,61,346.0
FB-02,2026-10-03,91,85,312.0
FB-02,2026-10-04,85,70,362.0
FB-02,2026-10-05,82,70,286.0
FB-02,2026-10-06,89,67,285.0
FB-02,2026-10-07,83,54,362.0
FB-02,2026-10-08,87,62,318.0
FB-02,2026-10-09,86,57,362.0
FB-02,2026-10-10,90,76,298.0
FB-02,2026-10-11,81,85,331.0
FB-02,2026-10-12,80,65,345.0
FB-02,2026-10-13,90,76,376.0
FB-02,2026-10-14,81,67,294.0
FB-02,2026-10-15,89,69,285.0
FB-02,2026-10-16,92,73,343.0
FB-02,2026-10-17,86,76,329.0
FB-02,2026-10-18,91,70,336.0
FB-02,2026-10-19,91,59,322.0
FB-02,2026-10-20,81,69,321.0
FB-02,2026-10-21,86,73,324.0
FB-02,2026-10-22,85,68,345.0
FB-02,2026-10-23,90,69,341.0
FB-02,2026-10-24,88,78,343.0
FB-02,2026-10-25,91,69,301.0
FB-02,2026-10-26,82,70,335.0
FB-02,2026-10-27,83,56,320.0
FB-02,2026-10-28,83,65,377.0
FB-02,2026-10-29,86,69,322.0
FB-02,2026-10-30,92,69,308.0
FB-02,2026-10-31,92,71,364.0
FB-02,2026-11-01,92,76,344.0
FB-02,2026-11-02,91,59,324.0
FB-02,2026-11-03,85,57,339.0
FB-02,2026-11-04,90,64,369.0
FB-02,2026-11-05,91,57,374.0
FB-02,2026-11-06,92,65,344.0
FB-02,2026-11-07,83,85,362.0
FB-02,2026-11-08,91,73,378.0
FB-02,2026-11-09,89,70,338.0
FB-02,2026-11-10,87,62,301.0
FB-02,2026-11-11,87,66,318.0
FB-02,2026-11-12,92,65,340.0
FB-02,2026-11-13,89,74,378.0
FB-02,2026-11-14,79,75,375.0
FB-02,2026-11-15,88,79,349.0
FB-03,2026-09-17,60,52,332.0
FB-03,2026-09-18,58,46,411.0
FB-03,2026-09-19,59,40,372.0
FB-03,2026-09-20,61,55,359.0
FB-03,2026-09-21,63,46,329.0
FB-03,2026-09-22,62,45,368.0
FB-03,2026-09-23,56,47,329.0
FB-03,2026-09-24,58,48,346.0
FB-03,2026-09-25,55,53,344.0
FB-03,2026-09-26,63,50,384.0
FB-03,2026-09-27,61,53,300.0
FB-03,2026-09-28,57,46,302.0
FB-03,2026-09-29,55,44,364.0
FB-03,2026-09-30,61,46,318.0
FB-03,2026-10-01,58,48,362.0
FB-03,2026-10-02,60,40,327.0
FB-03,2026-10-03,60,54,359.0
FB-03,2026-10-04,62,48,336.0
FB-03,2026-10-05,62,41,350.0
FB-03,2026-10-06,54,48,343.0
FB-03,2026-10-07,60,43,278.0
FB-03,2026-10-08,64,46,321.0
FB-03,2026-10-09,54,40,401.0
FB-03,2026-10-10,61,50,370.0
FB-03,2026-10-11,59,52,310.0
FB-03,2026-10-12,60,45,335.0
FB-03,2026-10-13,62,45,263.0
FB-03,2026-10-14,55,39,270.0
FB-03,2026-10-15,61,45,279.0
FB-03,2026-10-16,61,41,347.0
FB-03,2026-10-17,61,54,300.0
FB-03,2026-10-18,58,52,325.0
FB-03,2026-10-19,59,52,348.0
FB-03,2026-10-20,59,46,280.0
FB-03,2026-10-21,56,43,318.0
FB-03,2026-10-22,57,36,354.0
FB-03,2026-10-23,61,47,373.0
FB-03,2026-10-24,60,55,344.0
FB-03,2026-10-25,58,54,289.0
FB-03,2026-10-26,59,45,371.0
FB-03,2026-10-27,57,45,342.0
FB-03,2026-10-28,57,45,321.0
FB-03,2026-10-29,59,50,353.0
FB-03,2026-10-30,62,50,322.0
FB-03,2026-10-31,60,52,355.0
FB-03,2026-11-01,54,55,322.0
FB-03,2026-11-02,58,45,335.0
FB-03,2026-11-03,62,41,363.0
FB-03,2026-11-04,64,48,339.0
FB-03,2026-11-05,60,43,282.0
FB-03,2026-11-06,63,48,376.0
FB-03,2026-11-07,61,53,317.0
FB-03,2026-11-08,63,50,324.0
FB-03,2026-11-09,60,45,319.0
FB-03,2026-11-10,59,43,329.0
FB-03,2026-11-11,55,42,337.0
FB-03,2026-11-12,58,43,339.0
FB-03,2026-11-13,59,42,322.0
FB-03,2026-11-14,60,53,392.0
FB-03,2026-11-15,62,53,326.0
FB-04,2026-09-17,85,65,333.0
FB-04,2026-09-18,85,56,320.0
FB-04,2026-09-19,91,77,322.0
FB-04,2026-09-20,86,66,333.0
FB-04,2026-09-21,89,65,380.0
FB-04,2026-09-22,85,74,344.0
FB-04,2026-09-23,89,61,346.0
FB-04,2026-09-24,80,71,324.0
FB-04,2026-09-25,90,71,340.0
FB-04,2026-09-26,87,75,368.0
FB-04,2026-09-27,85,76,317.0
FB-04,2026-09-28,88,61,367.0
FB-04,2026-09-29,82,74,350.0
FB-04,2026-09-30,91,71,335.0
FB-04,2026-10-01,81,65,426.0
FB-04,2026-10-02,84,72,353.0
FB-04,2026-10-03,83,73,299.0
FB-04,2026-10-04,86,68,313.0
FB-04,2026-10-05,85,71,344.0
FB-04,2026-10-06,92,69,372.0
FB-04,2026-10-07,88,77,369.0
FB-04,2026-10-08,91,59,349.0
FB-04,2026-10-09,86,66,345.0
FB-04,2026-10-10,85,72,353.0
FB-04,2026-10-11,89,82,362.0
FB-04,2026-10-12,82,59,298.0
FB-04,2026-10-13,84,61,355.0
FB-04,2026-10-14,89,65,357.0
FB-04,2026-10-15,90,61,310.0
FB-04,2026-10-16,90,58,333.0
FB-04,2026-10-17,84,67,308.0
FB-04,2026-10-18,84,71,346.0
FB-04,2026-10-19,88,61,370.0
FB-04,2026-10-20,91,63,384.0
FB-04,2026-10-21,84,63,347.0
FB-04,2026-10-22,82,67,328.0
FB-04,2026-10-23,80,72,342.0
FB-04,2026-10-24,87,78,382.0
FB-04,2026-10-25,83,68,343.0
FB-04,2026-10-26,84,72,348.0
FB-04,2026-10-27,78,68,339.0
FB-04,2026-10-28,88,69,376.0
FB-04,2026-10-29,86,73,321.0
FB-04,2026-10-30,91,61,273.0
FB-04,2026-10-31,90,72,325.0
FB-04,2026-11-01,80,75,309.0
FB-04,2026-11-02,85,63,350.0
FB-04,2026-11-03,91,66,327.0
FB-04,2026-11-04,79,64,293.0
FB-04,2026-11-05,81,67,338.0
FB-04,2026-11-06,78,68,320.0
FB-04,2026-11-07,86,76,341.0
FB-04,2026-11-08,86,67,284.0
FB-04,2026-11-09,89,60,330.0
FB-04,2026-11-10,89,69,353.0
FB-04,2026-11-11,89,65,365.0
FB-04,2026-11-12,79,60,341.0
FB-04,2026-11-13,83,71,332.0
FB-04,2026-11-14,84,71,298.0
FB-04,2026-11-15,83,60,343.0
FB-05,2026-09-17,78,84,339.0
FB-05,2026-09-18,81,73,348.0
FB-05,2026-09-19,82,78,344.0
FB-05,2026-09-20,84,75,342.0
FB-05,2026-09-21,80,55,334.0
FB-05,2026-09-22,78,62,297.0
FB-05,2026-09-23,77,75,364.0
FB-05,2026-09-24,83,66,315.0
FB-05,2026-09-25,77,62,301.0
FB-05,2026-09-26,78,74,291.0
FB-05,2026-09-27,81,75,317.0
FB-05,2026-09-28,88,72,321.0
FB-05,2026-09-29,76,57,282.0
FB-05,2026-09-30,77,68,321.0
FB-05,2026-10-01,79,57,337.0
FB-05,2026-10-02,87,68,384.0
FB-05,2026-10-03,77,82,361.0
FB-05,2026-10-04,81,74,388.0
FB-05,2026-10-05,76,63,311.0
FB-05,2026-10-06,84,66,324.0
FB-05,2026-10-07,85,66,308.0
FB-05,2026-10-08,80,58,358.0
FB-05,2026-10-09,76,62,324.0
FB-05,2026-10-10,85,73,305.0
FB-05,2026-10-11,76,76,300.0
FB-05,2026-10-12,88,69,285.0
FB-05,2026-10-13,86,53,286.0
FB-05,2026-10-14,76,68,353.0
FB-05,2026-10-15,85,63,314.0
FB-05,2026-10-16,77,63,327.0
FB-05,2026-10-17,86,76,324.0
FB-05,2026-10-18,87,74,339.0
FB-05,2026-10-19,89,62,369.0
FB-05,2026-10-20,85,73,374.0
FB-05,2026-10-21,88,70,301.0
FB-05,2026-10-22,84,70,343.0
FB-05,2026-10-23,83,68,310.0
FB-05,2026-10-24,81,80,321.0
FB-05,2026-10-25,81,74,303.0
FB-05,2026-10-26,83,73,333.0
FB-05,2026-10-27,82,70,328.0
FB-05,2026-10-28,85,64,355.0
FB-05,2026-10-29,84,75,349.0
FB-05,2026-10-30,86,73,331.0
FB-05,2026-10-31,81,73,330.0
FB-05,2026-11-01,88,78,366.0
FB-05,2026-11-02,88,57,347.0
FB-05,2026-11-03,76,69,332.0
FB-05,2026-11-04,79,61,370.0
FB-05,2026-11-05,84,57,360.0
FB-05,2026-11-06,88,59,364.0
FB-05,2026-11-07,0,0,0.0
FB-05,2026-11-08,0,0,0.0
FB-05,2026-11-09,88,57,338.0
FB-05,2026-11-10,79,68,303.0
FB-05,2026-11-11,85,66,318.0
FB-05,2026-11-12,85,63,315.0
FB-05,2026-11-13,81,63,344.0
FB-05,2026-11-14,82,61,331.0
FB-05,2026-11-15,76,74,338.0
FB-06,2026-09-17,78,61,334.0
FB-06,2026-09-18,89,61,341.0
FB-06,2026-09-19,85,76,304.0
FB-06,2026-09-20,84,80,398.0
FB-06,2026-09-21,88,67,399.0
FB-06,2026-09-22,81,63,370.0
FB-06,2026-09-23,85,64,329.0
FB-06,2026-09-24,78,65,338.0
FB-06,2026-09-25,80,64,317.0
FB-06,2026-09-26,84,78,359.0
FB-06,2026-09-27,82,77,324.0
FB-06,2026-09-28,78,63,368.0
FB-06,2026-09-29,85,64,353.0
FB-06,2026-09-30,83,63,353.0
FB-06,2026-10-01,83,61,369.0
FB-06,2026-10-02,81,59,324.0
FB-06,2026-10-03,85,67,333.0
FB-06,2026-10-04,86,85,341.0
FB-06,2026-10-05,90,68,328.0
FB-06,2026-10-06,88,72,316.0
FB-06,2026-10-07,87,67,335.0
FB-06,2026-10-08,87,69,326.0
FB-06,2026-10-09,83,68,317.0
FB-06,2026-10-10,84,79,332.0
FB-06,2026-10-11,79,77,331.0
FB-06,2026-10-12,89,60,360.0
FB-06,2026-10-13,85,71,364.0
FB-06,2026-10-14,88,79,332.0
FB-06,2026-10-15,78,59,303.0
FB-06,2026-10-16,89,61,335.0
FB-06,2026-10-17,89,68,352.0
FB-06,2026-10-18,79,73,320.0
FB-06,2026-10-19,87,63,396.0
FB-06,2026-10-20,82,68,324.0
FB-06,2026-10-21,87,63,318.0
FB-06,2026-10-22,79,59,338.0
FB-06,2026-10-23,81,66,336.0
FB-06,2026-10-24,89,61,341.0
FB-06,2026-10-25,89,82,365.0
FB-06,2026-10-26,85,66,333.0
FB-06,2026-10-27,84,65,290.0
FB-06,2026-10-28,82,63,338.0
FB-06,2026-10-29,84,67,337.0
FB-06,2026-10-30,84,63,350.0
FB-06,2026-10-31,81,68,320.0
FB-06,2026-11-01,86,80,324.0
FB-06,2026-11-02,87,60,340.0
FB-06,2026-11-03,78,66,325.0
FB-06,2026-11-04,91,65,399.0
FB-06,2026-11-05,87,66,334.0
FB-06,2026-11-06,88,53,316.0
FB-06,2026-11-07,87,72,333.0
FB-06,2026-11-08,80,72,325.0
FB-06,2026-11-09,86,54,366.0
FB-06,2026-11-10,85,76,342.0
FB-06,2026-11-11,82,65,341.0
FB-06,2026-11-12,86,57,312.0
FB-06,2026-11-13,84,64,363.0
FB-06,2026-11-14,87,75,341.0
FB-06,2026-11-15,82,68,268.0
FB-07,2026-09-17,60,47,309.0
FB-07,2026-09-18,58,47,319.0
FB-07,2026-09-19,59,51,389.0
FB-07,2026-09-20,59,44,348.0
FB-07,2026-09-21,61,52,327.0
FB-07,2026-09-22,61,45,322.0
FB-07,2026-09-23,63,47,343.0
FB-07,2026-09-24,57,40,369.0
FB-07,2026-09-25,58,43,338.0
FB-07,2026-09-26,63,47,426.0
FB-07,2026-09-27,55,50,427.0
FB-07,2026-09-28,62,39,372.0
FB-07,2026-09-29,61,45,367.0
FB-07,2026-09-30,56,53,343.0
FB-07,2026-10-01,59,39,346.0
FB-07,2026-10-02,57,51,294.0
FB-07,2026-10-03,62,58,330.0
FB-07,2026-10-04,58,51,328.0
FB-07,2026-10-05,57,45,349.0
FB-07,2026-10-06,62,45,394.0
FB-07,2026-10-07,61,51,363.0
FB-07,2026-10-08,61,46,340.0
FB-07,2026-10-09,61,49,355.0
FB-07,2026-10-10,60,50,354.0
FB-07,2026-10-11,62,52,407.0
FB-07,2026-10-12,54,45,313.0
FB-07,2026-10-13,56,40,366.0
FB-07,2026-10-14,60,40,326.0
FB-07,2026-10-15,60,42,325.0
FB-07,2026-10-16,54,52,331.0
FB-07,2026-10-17,55,54,394.0
FB-07,2026-10-18,60,48,277.0
FB-07,2026-10-19,60,47,337.0
FB-07,2026-10-20,56,41,281.0
FB-07,2026-10-21,58,46,313.0
FB-07,2026-10-22,57,51,337.0
FB-07,2026-10-23,57,43,344.0
FB-07,2026-10-24,61,55,368.0
FB-07,2026-10-25,59,56,421.0
FB-07,2026-10-26,63,43,415.0
FB-07,2026-10-27,57,40,321.0
FB-07,2026-10-28,58,45,345.0
FB-07,2026-10-29,60,40,333.0
FB-07,2026-10-30,58,46,315.0
FB-07,2026-10-31,56,50,346.0
FB-07,2026-11-01,57,56,329.0
FB-07,2026-11-02,55,44,343.0
FB-07,2026-11-03,60,43,321.0
FB-07,2026-11-04,63,41,347.0
FB-07,2026-11-05,63,45,313.0
FB-07,2026-11-06,61,44,311.0
FB-07,2026-11-07,54,53,336.0
FB-07,2026-11-08,55,45,359.0
FB-07,2026-11-09,61,46,339.0
FB-07,2026-11-10,63,48,313.0
FB-07,2026-11-11,58,40,312.0
FB-07,2026-11-12,55,49,356.0
FB-07,2026-11-13,59,45,338.0
FB-07,2026-11-14,61,53,304.0
FB-07,2026-11-15,62,55,275.0
FB-08,2026-09-17,80,73,369.0
FB-08,2026-09-18,79,56,321.0
FB-08,2026-09-19,85,73,343.0
FB-08,2026-09-20,81,74,332.0
FB-08,2026-09-21,83,60,320.0
FB-08,2026-09-22,79,66,348.0
FB-08,2026-09-23,87,57,353.0
FB-08,2026-09-24,79,58,293.0
FB-08,2026-09-25,92,65,331.0
FB-08,2026-09-26,87,70,337.0
FB-08,2026-09-27,88,81,293.0
FB-08,2026-09-28,81,69,295.0
FB-08,2026-09-29,92,55,290.0
FB-08,2026-09-30,87,71,316.0
FB-08,2026-10-01,84,62,370.0
FB-08,2026-10-02,81,55,330.0
FB-08,2026-10-03,90,78,333.0
FB-08,2026-10-04,88,76,300.0
FB-08,2026-10-05,85,80,361.0
FB-08,2026-10-06,82,67,342.0
FB-08,2026-10-07,80,65,366.0
FB-08,2026-10-08,82,68,300.0
FB-08,2026-10-09,88,61,320.0
FB-08,2026-10-10,87,87,341.0
FB-08,2026-10-11,86,81,397.0
FB-08,2026-10-12,88,64,380.0
FB-08,2026-10-13,82,56,327.0
FB-08,2026-10-14,78,65,334.0
FB-08,2026-10-15,91,63,369.0
FB-08,2026-10-16,86,65,354.0
FB-08,2026-10-17,87,80,382.0
FB-08,2026-10-18,87,76,385.0
FB-08,2026-10-19,86,61,311.0
FB-08,2026-10-20,85,61,289.0
FB-08,2026-10-21,92,77,326.0
FB-08,2026-10-22,81,71,299.0
FB-08,2026-10-23,87,71,334.0
FB-08,2026-10-24,90,85,325.0
FB-08,2026-10-25,89,68,365.0
FB-08,2026-10-26,90,60,316.0
FB-08,2026-10-27,89,61,358.0
FB-08,2026-10-28,78,58,326.0
FB-08,2026-10-29,85,60,354.0
FB-08,2026-10-30,89,69,338.0
FB-08,2026-10-31,83,80,305.0
FB-08,2026-11-01,80,80,326.0
FB-08,2026-11-02,87,57,310.0
FB-08,2026-11-03,87,55,358.0
FB-08,2026-11-04,79,71,310.0
FB-08,2026-11-05,84,60,338.0
FB-08,2026-11-06,89,71,369.0
FB-08,2026-11-07,80,77,347.0
FB-08,2026-11-08,86,80,332.0
FB-08,2026-11-09,89,56,344.0
FB-08,2026-11-10,88,66,327.0
FB-08,2026-11-11,90,63,350.0
FB-08,2026-11-12,81,64,281.0
FB-08,2026-11-13,80,70,360.0
FB-08,2026-11-14,90,84,319.0
FB-08,2026-11-15,88,80,305.0
FB-09,2026-09-17,60,41,320.0
FB-09,2026-09-18,60,43,294.0
FB-09,2026-09-19,57,53,297.0
FB-09,2026-09-20,61,54,320.0
FB-09,2026-09-21,59,52,301.0
FB-09,2026-09-22,57,43,277.0
FB-09,2026-09-23,63,40,274.0
FB-09,2026-09-24,58,38,315.0
FB-09,2026-09-25,55,47,357.0
FB-09,2026-09-26,61,46,333.0
FB-09,2026-09-27,56,47,326.0
FB-09,2026-09-28,59,46,395.0
FB-09,2026-09-29,63,49,339.0
FB-09,2026-09-30,58,43,376.0
FB-09,2026-10-01,61,43,323.0
FB-09,2026-10-02,60,47,324.0
FB-09,2026-10-03,56,58,342.0
FB-09,2026-10-04,61,53,335.0
FB-09,2026-10-05,62,49,269.0
FB-09,2026-10-06,61,42,348.0
FB-09,2026-10-07,57,49,281.0
FB-09,2026-10-08,56,50,301.0
FB-09,2026-10-09,56,45,304.0
FB-09,2026-10-10,56,50,327.0
FB-09,2026-10-11,62,50,333.0
FB-09,2026-10-12,58,45,346.0
FB-09,2026-10-13,57,43,346.0
FB-09,2026-10-14,55,46,344.0
FB-09,2026-10-15,57,49,354.0
FB-09,2026-10-16,61,46,351.0
FB-09,2026-10-17,55,51,407.0
FB-09,2026-10-18,57,55,328.0
FB-09,2026-10-19,61,47,395.0
FB-09,2026-10-20,62,47,338.0
FB-09,2026-10-21,55,38,354.0
FB-09,2026-10-22,57,41,307.0
FB-09,2026-10-23,58,57,359.0
FB-09,2026-10-24,59,47,367.0
FB-09,2026-10-25,55,48,362.0
FB-09,2026-10-26,55,43,343.0
FB-09,2026-10-27,55,44,322.0
FB-09,2026-10-28,56,47,384.0
FB-09,2026-10-29,63,44,306.0
FB-09,2026-10-30,55,37,326.0
FB-09,2026-10-31,59,53,342.0
FB-09,2026-11-01,56,56,334.0
FB-09,2026-11-02,60,38,297.0
FB-09,2026-11-03,56,45,299.0
FB-09,2026-11-04,58,42,339.0
FB-09,2026-11-05,60,39,347.0
FB-09,2026-11-06,61,44,326.0
FB-09,2026-11-07,62,63,325.0
FB-09,2026-11-08,60,50,340.0
FB-09,2026-11-09,54,48,316.0
FB-09,2026-11-10,58,50,313.0
FB-09,2026-11-11,63,43,291.0
FB-09,2026-11-12,62,52,312.0
FB-09,2026-11-13,58,47,352.0
FB-09,2026-11-14,58,53,349.0
FB-09,2026-11-15,58,48,349.0
FB-10,2026-09-17,55,43,313.0
FB-10,2026-09-18,56,42,331.0
FB-10,2026-09-19,54,51,384.0
FB-10,2026-09-20,61,52,331.0
FB-10,2026-09-21,54,42,317.0
FB-10,2026-09-22,54,46,328.0
FB-10,2026-09-23,58,45,354.0
FB-10,2026-09-24,63,51,306.0
FB-10,2026-09-25,56,44,289.0
FB-10,2026-09-26,61,48,336.0
FB-10,2026-09-27,58,53,300.0
FB-10,2026-09-28,60,43,362.0
FB-10,2026-09-29,55,44,337.0
FB-10,2026-09-30,56,39,424.0
FB-10,2026-10-01,62,42,345.0
FB-10,2026-10-02,60,46,376.0
FB-10,2026-10-03,62,47,346.0
FB-10,2026-10-04,59,60,289.0
FB-10,2026-10-05,55,42,349.0
FB-10,2026-10-06,57,44,339.0
FB-10,2026-10-07,61,43,401.0
FB-10,2026-10-08,55,44,328.0
FB-10,2026-10-09,55,47,317.0
FB-10,2026-10-10,54,54,296.0
FB-10,2026-10-11,63,52,337.0
FB-10,2026-10-12,60,42,333.0
FB-10,2026-10-13,57,41,374.0
FB-10,2026-10-14,58,44,321.0
FB-10,2026-10-15,57,49,365.0
FB-10,2026-10-16,59,51,309.0
FB-10,2026-10-17,59,51,309.0
FB-10,2026-10-18,56,46,308.0
FB-10,2026-10-19,55,46,311.0
FB-10,2026-10-20,58,42,418.0
FB-10,2026-10-21,57,41,341.0
FB-10,2026-10-22,62,41,330.0
FB-10,2026-10-23,60,45,311.0
FB-10,2026-10-24,54,57,291.0
FB-10,2026-10-25,55,53,319.0
FB-10,2026-10-26,57,43,308.0
FB-10,2026-10-27,58,50,294.0
FB-10,2026-10-28,56,36,361.0
FB-10,2026-10-29,59,48,372.0
FB-10,2026-10-30,55,46,326.0
FB-10,2026-10-31,62,42,362.0
FB-10,2026-11-01,55,48,336.0
FB-10,2026-11-02,63,35,354.0
FB-10,2026-11-03,55,51,305.0
FB-10,2026-11-04,54,50,336.0
FB-10,2026-11-05,57,52,356.0
FB-10,2026-11-06,57,49,308.0
FB-10,2026-11-07,59,48,330.0
FB-10,2026-11-08,54,53,366.0
FB-10,2026-11-09,62,39,328.0
FB-10,2026-11-10,62,41,346.0
FB-10,2026-11-11,58,41,341.0
FB-10,2026-11-12,57,46,341.0
FB-10,2026-11-13,59,47,318.0
FB-10,2026-11-14,60,56,322.0
FB-10,2026-11-15,61,55,370.0
FB-11,2026-09-17,61,46,396.0
FB-11,2026-09-18,61,50,315.0
FB-11,2026-09-19,63,53,352.0
FB-11,2026-09-20,56,48,300.0
FB-11,2026-09-21,63,43,299.0
FB-11,2026-09-22,55,43,356.0
FB-11,2026-09-23,60,46,345.0
FB-11,2026-09-24,57,46,428.0
FB-11,2026-09-25,55,43,341.0
FB-11,2026-09-26,60,46,335.0
FB-11,2026-09-27,58,67,323.0
FB-11,2026-09-28,62,46,322.0
FB-11,2026-09-29,60,52,344.0
FB-11,2026-09-30,60,38,299.0
FB-11,2026-10-01,55,46,293.0
FB-11,2026-10-02,57,37,326.0
FB-11,2026-10-03,62,46,293.0
FB-11,2026-10-04,55,51,353.0
FB-11,2026-10-05,56,46,336.0
FB-11,2026-10-06,55,50,335.0
FB-11,2026-10-07,56,49,350.0
FB-11,2026-10-08,59,47,293.0
FB-11,2026-10-09,55,47,318.0
FB-11,2026-10-10,63,47,355.0
FB-11,2026-10-11,56,63,352.0
FB-11,2026-10-12,63,43,320.0
FB-11,2026-10-13,57,43,309.0
FB-11,2026-10-14,62,48,341.0
FB-11,2026-10-15,64,38,297.0
FB-11,2026-10-16,55,49,372.0
FB-11,2026-10-17,61,58,343.0
FB-11,2026-10-18,59,50,355.0
FB-11,2026-10-19,57,45,290.0
FB-11,2026-10-20,59,50,286.0
FB-11,2026-10-21,58,45,405.0
FB-11,2026-10-22,57,43,297.0
FB-11,2026-10-23,60,46,333.0
FB-11,2026-10-24,61,46,329.0
FB-11,2026-10-25,57,56,322.0
FB-11,2026-10-26,61,46,335.0
FB-11,2026-10-27,63,49,316.0
FB-11,2026-10-28,55,53,306.0
FB-11,2026-10-29,56,55,292.0
FB-11,2026-10-30,56,48,383.0
FB-11,2026-10-31,56,41,386.0
FB-11,2026-11-01,57,57,354.0
FB-11,2026-11-02,62,43,345.0
FB-11,2026-11-03,55,48,380.0
FB-11,2026-11-04,63,38,364.0
FB-11,2026-11-05,58,36,322.0
FB-11,2026-11-06,59,51,351.0
FB-11,2026-11-07,58,47,394.0
FB-11,2026-11-08,61,51,274.0
FB-11,2026-11-09,58,38,337.0
FB-11,2026-11-10,63,38,340.0
FB-11,2026-11-11,62,50,270.0
FB-11,2026-11-12,61,51,338.0
FB-11,2026-11-13,63,42,333.0
FB-11,2026-11-14,62,55,341.0
FB-11,2026-11-15,61,52,389.0
FB-12,2026-09-17,130,95,332.0
FB-12,2026-09-18,114,92,334.0
FB-12,2026-09-19,121,111,293.0
FB-12,2026-09-20,127,115,318.0
FB-12,2026-09-21,126,93,354.0
FB-12,2026-09-22,133,107,325.0
FB-12,2026-09-23,116,95,307.0
FB-12,2026-09-24,122,96,337.0
FB-12,2026-09-25,121,93,353.0
FB-12,2026-09-26,129,113,333.0
FB-12,2026-09-27,132,115,333.0
FB-12,2026-09-28,123,109,352.0
FB-12,2026-09-29,115,96,316.0
FB-12,2026-09-30,120,98,305.0
FB-12,2026-10-01,131,97,349.0
FB-12,2026-10-02,130,95,320.0
FB-12,2026-10-03,125,108,317.0
FB-12,2026-10-04,118,110,353.0
FB-12,2026-10-05,123,96,328.0
FB-12,2026-10-06,126,101,365.0
FB-12,2026-10-07,126,89,340.0
FB-12,2026-10-08,126,98,338.0
FB-12,2026-10-09,130,100,361.0
FB-12,2026-10-10,132,110,305.0
FB-12,2026-10-11,130,107,341.0
FB-12,2026-10-12,130,102,322.0
FB-12,2026-10-13,114,114,367.0
FB-12,2026-10-14,132,91,342.0
FB-12,2026-10-15,122,102,340.0
FB-12,2026-10-16,122,92,365.0
FB-12,2026-10-17,124,110,380.0
FB-12,2026-10-18,121,102,329.0
FB-12,2026-10-19,118,96,361.0
FB-12,2026-10-20,121,96,335.0
FB-12,2026-10-21,115,101,344.0
FB-12,2026-10-22,122,96,329.0
FB-12,2026-10-23,128,93,351.0
FB-12,2026-10-24,130,98,339.0
FB-12,2026-10-25,117,116,342.0
FB-12,2026-10-26,128,100,334.0
FB-12,2026-10-27,125,101,354.0
FB-12,2026-10-28,116,96,352.0
FB-12,2026-10-29,130,94,303.0
FB-12,2026-10-30,127,92,308.0
FB-12,2026-10-31,129,105,346.0
FB-12,2026-11-01,133,106,307.0
FB-12,2026-11-02,118,91,349.0
FB-12,2026-11-03,125,101,317.0
FB-12,2026-11-04,130,97,357.0
FB-12,2026-11-05,119,92,341.0
FB-12,2026-11-06,116,90,313.0
FB-12,2026-11-07,118,96,341.0
FB-12,2026-11-08,125,100,340.0
FB-12,2026-11-09,116,76,358.0
FB-12,2026-11-10,118,88,344.0
FB-12,2026-11-11,121,98,355.0
FB-12,2026-11-12,127,90,324.0
FB-12,2026-11-13,129,84,348.0
FB-12,2026-11-14,132,100,332.0
FB-12,2026-11-15,124,93,305.0
FB-13,2026-09-17,136,92,401.0
FB-13,2026-09-18,122,101,352.0
FB-13,2026-09-19,132,109,328.0
FB-13,2026-09-20,124,111,350.0
FB-13,2026-09-21,130,108,328.0
FB-13,2026-09-22,126,109,320.0
FB-13,2026-09-23,129,93,312.0
FB-13,2026-09-24,126,98,349.0
FB-13,2026-09-25,134,93,315.0
FB-13,2026-09-26,120,117,336.0
FB-13,2026-09-27,131,119,340.0
FB-13,2026-09-28,137,89,334.0
FB-13,2026-09-29,130,99,335.0
FB-13,2026-09-30,128,98,324.0
FB-13,2026-10-01,128,101,328.0
FB-13,2026-10-02,139,99,306.0
FB-13,2026-10-03,137,110,390.0
FB-13,2026-10-04,137,112,326.0
FB-13,2026-10-05,120,99,325.0
FB-13,2026-10-06,135,96,285.0
FB-13,2026-10-07,122,90,328.0
FB-13,2026-10-08,128,103,359.0
FB-13,2026-10-09,123,100,379.0
FB-13,2026-10-10,134,111,349.0
FB-13,2026-10-11,134,116,323.0
FB-13,2026-10-12,132,98,381.0
FB-13,2026-10-13,127,115,375.0
FB-13,2026-10-14,136,94,338.0
FB-13,2026-10-15,122,98,356.0
FB-13,2026-10-16,133,98,378.0
FB-13,2026-10-17,123,116,353.0
FB-13,2026-10-18,129,116,326.0
FB-13,2026-10-19,120,105,340.0
FB-13,2026-10-20,133,106,361.0
FB-13,2026-10-21,137,98,320.0
FB-13,2026-10-22,132,105,346.0
FB-13,2026-10-23,130,102,351.0
FB-13,2026-10-24,127,111,357.0
FB-13,2026-10-25,131,116,344.0
FB-13,2026-10-26,130,106,371.0
FB-13,2026-10-27,130,94,354.0
FB-13,2026-10-28,122,110,343.0
FB-13,2026-10-29,130,105,366.0
FB-13,2026-10-30,125,107,307.0
FB-13,2026-10-31,130,113,346.0
FB-13,2026-11-01,124,124,320.0
FB-13,2026-11-02,138,95,339.0
FB-13,2026-11-03,138,100,361.0
FB-13,2026-11-04,137,94,344.0
FB-13,2026-11-05,124,103,344.0
FB-13,2026-11-06,136,98,288.0
FB-13,2026-11-07,123,107,319.0
FB-13,2026-11-08,123,115,360.0
FB-13,2026-11-09,126,88,296.0
FB-13,2026-11-10,125,98,363.0
FB-13,2026-11-11,137,90,348.0
FB-13,2026-11-12,137,98,330.0
FB-13,2026-11-13,133,91,375.0
FB-13,2026-11-14,119,115,349.0
FB-13,2026-11-15,124,101,346.0
FB-14,2026-09-17,81,64,302.0
FB-14,2026-09-18,86,65,327.0
FB-14,2026-09-19,91,81,330.0
FB-14,2026-09-20,83,73,378.0
FB-14,2026-09-21,85,68,297.0
FB-14,2026-09-22,87,60,382.0
FB-14,2026-09-23,80,59,387.0
FB-14,2026-09-24,83,57,363.0
FB-14,2026-09-25,92,63,359.0
FB-14,2026-09-26,87,70,368.0
FB-14,2026-09-27,80,78,333.0
FB-14,2026-09-28,80,60,349.0
FB-14,2026-09-29,86,68,353.0
FB-14,2026-09-30,83,56,295.0
FB-14,2026-10-01,79,68,353.0
FB-14,2026-10-02,81,65,363.0
FB-14,2026-10-03,88,77,343.0
FB-14,2026-10-04,89,79,340.0
FB-14,2026-10-05,87,65,353.0
FB-14,2026-10-06,88,59,324.0
FB-14,2026-10-07,84,63,331.0
FB-14,2026-10-08,88,66,345.0
FB-14,2026-10-09,88,71,315.0
FB-14,2026-10-10,79,70,320.0
FB-14,2026-10-11,90,76,345.0
FB-14,2026-10-12,86,65,330.0
FB-14,2026-10-13,89,63,368.0
FB-14,2026-10-14,89,69,314.0
FB-14,2026-10-15,89,64,354.0
FB-14,2026-10-16,87,62,341.0
FB-14,2026-10-17,91,80,361.0
FB-14,2026-10-18,91,78,323.0
FB-14,2026-10-19,79,56,362.0
FB-14,2026-10-20,79,72,291.0
FB-14,2026-10-21,85,63,341.0
FB-14,2026-10-22,80,70,343.0
FB-14,2026-10-23,85,67,353.0
FB-14,2026-10-24,89,81,316.0
FB-14,2026-10-25,80,85,322.0
FB-14,2026-10-26,81,65,303.0
FB-14,2026-10-27,80,71,311.0
FB-14,2026-10-28,85,66,321.0
FB-14,2026-10-29,83,68,321.0
FB-14,2026-10-30,87,64,314.0
FB-14,2026-10-31,90,69,401.0
FB-14,2026-11-01,79,76,316.0
FB-14,2026-11-02,91,65,354.0
FB-14,2026-11-03,79,71,339.0
FB-14,2026-11-04,86,66,388.0
FB-14,2026-11-05,88,62,340.0
FB-14,2026-11-06,84,70,327.0
FB-14,2026-11-07,83,71,311.0
FB-14,2026-11-08,81,70,355.0
FB-14,2026-11-09,87,67,324.0
FB-14,2026-11-10,89,69,315.0
FB-14,2026-11-11,81,69,336.0
FB-14,2026-11-12,84,61,362.0
FB-14,2026-11-13,84,65,368.0
FB-14,2026-11-14,83,72,318.0
FB-14,2026-11-15,86,64,317.0
FB-15,2026-09-17,54,50,282.0
FB-15,2026-09-18,57,46,258.0
FB-15,2026-09-19,58,49,325.0
FB-15,2026-09-20,61,63,326.0
FB-15,2026-09-21,61,42,286.0
FB-15,2026-09-22,58,43,357.0
FB-15,2026-09-23,57,43,340.0
FB-15,2026-09-24,59,40,336.0
FB-15,2026-09-25,56,44,310.0
FB-15,2026-09-26,54,48,344.0
FB-15,2026-09-27,58,47,333.0
FB-15,2026-09-28,60,45,379.0
FB-15,2026-09-29,55,45,318.0
FB-15,2026-09-30,62,42,327.0
FB-15,2026-10-01,58,46,244.0
FB-15,2026-10-02,55,45,362.0
FB-15,2026-10-03,57,57,340.0
FB-15,2026-10-04,54,47,311.0
FB-15,2026-10-05,54,47,322.0
FB-15,2026-10-06,61,45,411.0
FB-15,2026-10-07,62,42,339.0
FB-15,2026-10-08,54,41,338.0
FB-15,2026-10-09,63,40,338.0
FB-15,2026-10-10,61,45,343.0
FB-15,2026-10-11,57,46,294.0
FB-15,2026-10-12,54,44,324.0
FB-15,2026-10-13,59,44,304.0
FB-15,2026-10-14,58,45,318.0
FB-15,2026-10-15,58,46,320.0
FB-15,2026-10-16,60,45,330.0
FB-15,2026-10-17,57,51,357.0
FB-15,2026-10-18,60,51,308.0
FB-15,2026-10-19,54,39,340.0
FB-15,2026-10-20,57,47,364.0
FB-15,2026-10-21,54,39,345.0
FB-15,2026-10-22,59,57,360.0
FB-15,2026-10-23,59,46,366.0
FB-15,2026-10-24,62,54,351.0
FB-15,2026-10-25,60,50,303.0
FB-15,2026-10-26,59,43,310.0
FB-15,2026-10-27,57,43,354.0
FB-15,2026-10-28,61,41,384.0
FB-15,2026-10-29,58,43,320.0
FB-15,2026-10-30,60,48,312.0
FB-15,2026-10-31,55,55,321.0
FB-15,2026-11-01,61,58,315.0
FB-15,2026-11-02,57,47,335.0
FB-15,2026-11-03,58,47,387.0
FB-15,2026-11-04,57,42,321.0
FB-15,2026-11-05,62,51,302.0
FB-15,2026-11-06,60,40,264.0
FB-15,2026-11-07,57,52,328.0
FB-15,2026-11-08,61,50,330.0
FB-15,2026-11-09,56,37,369.0
FB-15,2026-11-10,61,46,328.0
FB-15,2026-11-11,54,47,343.0
FB-15,2026-11-12,60,45,331.0
FB-15,2026-11-13,62,46,332.0
FB-15,2026-11-14,55,48,380.0
FB-15,2026-11-15,61,52,350.0
FB-16,2026-09-17,85,62,309.0
FB-16,2026-09-18,86,64,334.0
FB-16,2026-09-19,83,70,333.0
FB-16,2026-09-20,88,73,309.0
FB-16,2026-09-21,80,66,287.0
FB-16,2026-09-22,81,59,351.0
FB-16,2026-09-23,81,61,315.0
FB-16,2026-09-24,81,63,381.0
FB-16,2026-09-25,81,57,295.0
FB-16,2026-09-26,82,79,315.0
FB-16,2026-09-27,80,71,335.0
FB-16,2026-09-28,81,68,351.0
FB-16,2026-09-29,81,69,322.0
FB-16,2026-09-30,83,65,378.0
FB-16,2026-10-01,78,78,331.0
FB-16,2026-10-02,90,70,322.0
FB-16,2026-10-03,80,73,352.0
FB-16,2026-10-04,87,66,310.0
FB-16,2026-10-05,85,69,329.0
FB-16,2026-10-06,82,78,335.0
FB-16,2026-10-07,88,67,332.0
FB-16,2026-10-08,78,61,298.0
FB-16,2026-10-09,86,68,360.0
FB-16,2026-10-10,80,81,301.0
FB-16,2026-10-11,84,75,328.0
FB-16,2026-10-12,88,50,311.0
FB-16,2026-10-13,87,65,261.0
FB-16,2026-10-14,85,62,338.0
FB-16,2026-10-15,89,56,366.0
FB-16,2026-10-16,88,63,319.0
FB-16,2026-10-17,80,73,323.0
FB-16,2026-10-18,87,74,309.0
FB-16,2026-10-19,88,66,265.0
FB-16,2026-10-20,90,55,353.0
FB-16,2026-10-21,78,71,299.0
FB-16,2026-10-22,90,53,362.0
FB-16,2026-10-23,89,71,364.0
FB-16,2026-10-24,85,80,309.0
FB-16,2026-10-25,84,75,342.0
FB-16,2026-10-26,80,62,380.0
FB-16,2026-10-27,85,65,323.0
FB-16,2026-10-28,79,65,318.0
FB-16,2026-10-29,80,65,397.0
FB-16,2026-10-30,87,64,309.0
FB-16,2026-10-31,87,73,374.0
FB-16,2026-11-01,81,74,307.0
FB-16,2026-11-02,84,63,325.0
FB-16,2026-11-03,83,69,339.0
FB-16,2026-11-04,79,72,381.0
FB-16,2026-11-05,89,62,336.0
FB-16,2026-11-06,87,63,333.0
FB-16,2026-11-07,83,81,354.0
FB-16,2026-11-08,79,69,302.0
FB-16,2026-11-09,78,68,326.0
FB-16,2026-11-10,83,62,342.0
FB-16,2026-11-11,83,63,378.0
FB-16,2026-11-12,85,71,328.0
FB-16,2026-11-13,82,61,341.0
FB-16,2026-11-14,80,76,342.0
FB-16,2026-11-15,87,71,341.0
FB-17,2026-09-17,87,51,341.0
FB-17,2026-09-18,86,65,314.0
FB-17,2026-09-19,75,77,330.0
FB-17,2026-09-20,75,77,307.0
FB-17,2026-09-21,76,67,354.0
FB-17,2026-09-22,77,60,315.0
FB-17,2026-09-23,81,64,306.0
FB-17,2026-09-24,83,64,382.0
FB-17,2026-09-25,85,59,350.0
FB-17,2026-09-26,76,75,349.0
FB-17,2026-09-27,75,73,308.0
FB-17,2026-09-28,87,65,358.0
FB-17,2026-09-29,86,66,363.0
FB-17,2026-09-30,77,63,334.0
FB-17,2026-10-01,86,65,346.0
FB-17,2026-10-02,86,60,252.0
FB-17,2026-10-03,86,83,370.0
FB-17,2026-10-04,78,69,303.0
FB-17,2026-10-05,78,62,342.0
FB-17,2026-10-06,85,63,375.0
FB-17,2026-10-07,84,60,307.0
FB-17,2026-10-08,80,70,362.0
FB-17,2026-10-09,81,66,314.0
FB-17,2026-10-10,77,73,392.0
FB-17,2026-10-11,79,74,337.0
FB-17,2026-10-12,85,66,354.0
FB-17,2026-10-13,86,67,320.0
FB-17,2026-10-14,78,69,335.0
FB-17,2026-10-15,83,63,306.0
FB-17,2026-10-16,83,63,282.0
FB-17,2026-10-17,86,70,342.0
FB-17,2026-10-18,77,74,342.0
FB-17,2026-10-19,79,66,354.0
FB-17,2026-10-20,84,64,327.0
FB-17,2026-10-21,78,73,302.0
FB-17,2026-10-22,76,65,397.0
FB-17,2026-10-23,75,75,296.0
FB-17,2026-10-24,79,71,332.0
FB-17,2026-10-25,80,70,342.0
FB-17,2026-10-26,79,67,352.0
FB-17,2026-10-27,78,67,327.0
FB-17,2026-10-28,75,67,349.0
FB-17,2026-10-29,79,62,322.0
FB-17,2026-10-30,84,70,366.0
FB-17,2026-10-31,75,78,310.0
FB-17,2026-11-01,79,80,355.0
FB-17,2026-11-02,82,58,275.0
FB-17,2026-11-03,71,60,294.0
FB-17,2026-11-04,81,60,314.0
FB-17,2026-11-05,77,56,363.0
FB-17,2026-11-06,76,58,365.0
FB-17,2026-11-07,82,60,291.0
FB-17,2026-11-08,82,58,329.0
FB-17,2026-11-09,82,56,340.0
FB-17,2026-11-10,71,55,287.0
FB-17,2026-11-11,72,60,350.0
FB-17,2026-11-12,72,60,306.0
FB-17,2026-11-13,71,60,274.0
FB-17,2026-11-14,72,55,406.0
FB-17,2026-11-15,72,57,325.0
FB-18,2026-09-17,55,44,325.0
FB-18,2026-09-18,57,43,368.0
FB-18,2026-09-19,57,56,311.0
FB-18,2026-09-20,55,55,334.0
FB-18,2026-09-21,60,43,327.0
FB-18,2026-09-22,55,44,314.0
FB-18,2026-09-23,55,44,331.0
FB-18,2026-09-24,58,42,443.0
FB-18,2026-09-25,60,46,333.0
FB-18,2026-09-26,60,54,357.0
FB-18,2026-09-27,55,50,395.0
FB-18,2026-09-28,57,50,340.0
FB-18,2026-09-29,61,46,382.0
FB-18,2026-09-30,61,45,327.0
FB-18,2026-10-01,57,51,344.0
FB-18,2026-10-02,63,45,320.0
FB-18,2026-10-03,57,49,412.0
FB-18,2026-10-04,62,53,362.0
FB-18,2026-10-05,57,45,324.0
FB-18,2026-10-06,55,48,317.0
FB-18,2026-10-07,61,48,372.0
FB-18,2026-10-08,63,48,335.0
FB-18,2026-10-09,61,44,319.0
FB-18,2026-10-10,55,57,328.0
FB-18,2026-10-11,55,56,349.0
FB-18,2026-10-12,57,47,347.0
FB-18,2026-10-13,62,38,301.0
FB-18,2026-10-14,55,39,277.0
FB-18,2026-10-15,63,46,311.0
FB-18,2026-10-16,59,37,286.0
FB-18,2026-10-17,59,52,316.0
FB-18,2026-10-18,57,43,336.0
FB-18,2026-10-19,61,44,373.0
FB-18,2026-10-20,61,41,314.0
FB-18,2026-10-21,60,42,396.0
FB-18,2026-10-22,63,53,365.0
FB-18,2026-10-23,59,50,361.0
FB-18,2026-10-24,61,51,359.0
FB-18,2026-10-25,58,56,289.0
FB-18,2026-10-26,55,46,295.0
FB-18,2026-10-27,56,52,306.0
FB-18,2026-10-28,58,42,343.0
FB-18,2026-10-29,62,50,331.0
FB-18,2026-10-30,59,39,376.0
FB-18,2026-10-31,61,50,340.0
FB-18,2026-11-01,60,48,362.0
FB-18,2026-11-02,55,47,313.0
FB-18,2026-11-03,61,42,358.0
FB-18,2026-11-04,63,52,357.0
FB-18,2026-11-05,56,38,340.0
FB-18,2026-11-06,58,33,325.0
FB-18,2026-11-07,60,58,329.0
FB-18,2026-11-08,63,54,321.0
FB-18,2026-11-09,58,50,330.0
FB-18,2026-11-10,64,46,305.0
FB-18,2026-11-11,62,46,271.0
FB-18,2026-11-12,63,46,410.0
FB-18,2026-11-13,62,42,327.0
FB-18,2026-11-14,56,48,350.0
FB-18,2026-11-15,57,60,317.0
FB-19,2026-09-17,79,64,291.0
FB-19,2026-09-18,87,66,286.0
FB-19,2026-09-19,83,84,334.0
FB-19,2026-09-20,83,75,328.0
FB-19,2026-09-21,83,66,298.0
FB-19,2026-09-22,85,70,336.0
FB-19,2026-09-23,83,56,337.0
FB-19,2026-09-24,86,66,390.0
FB-19,2026-09-25,86,64,322.0
FB-19,2026-09-26,86,78,351.0
FB-19,2026-09-27,83,64,327.0
FB-19,2026-09-28,82,62,325.0
FB-19,2026-09-29,87,59,360.0
FB-19,2026-09-30,91,63,394.0
FB-19,2026-10-01,83,72,329.0
FB-19,2026-10-02,91,69,356.0
FB-19,2026-10-03,89,76,349.0
FB-19,2026-10-04,78,73,333.0
FB-19,2026-10-05,85,66,331.0
FB-19,2026-10-06,86,62,364.0
FB-19,2026-10-07,79,71,352.0
FB-19,2026-10-08,84,53,350.0
FB-19,2026-10-09,91,63,350.0
FB-19,2026-10-10,91,82,350.0
FB-19,2026-10-11,86,71,312.0
FB-19,2026-10-12,89,72,350.0
FB-19,2026-10-13,83,64,313.0
FB-19,2026-10-14,80,70,381.0
FB-19,2026-10-15,88,65,320.0
FB-19,2026-10-16,82,57,374.0
FB-19,2026-10-17,87,80,324.0
FB-19,2026-10-18,78,66,329.0
FB-19,2026-10-19,90,66,344.0
FB-19,2026-10-20,84,63,378.0
FB-19,2026-10-21,87,55,355.0
FB-19,2026-10-22,84,71,346.0
FB-19,2026-10-23,91,59,335.0
FB-19,2026-10-24,81,66,295.0
FB-19,2026-10-25,87,86,386.0
FB-19,2026-10-26,84,63,340.0
FB-19,2026-10-27,90,65,310.0
FB-19,2026-10-28,80,76,328.0
FB-19,2026-10-29,90,61,335.0
FB-19,2026-10-30,87,63,315.0
FB-19,2026-10-31,79,75,340.0
FB-19,2026-11-01,90,75,320.0
FB-19,2026-11-02,80,65,324.0
FB-19,2026-11-03,83,61,271.0
FB-19,2026-11-04,80,68,338.0
FB-19,2026-11-05,84,68,324.0
FB-19,2026-11-06,82,66,359.0
FB-19,2026-11-07,86,70,361.0
FB-19,2026-11-08,79,75,325.0
FB-19,2026-11-09,78,60,370.0
FB-19,2026-11-10,78,71,379.0
FB-19,2026-11-11,83,62,364.0
FB-19,2026-11-12,86,64,322.0
FB-19,2026-11-13,90,73,334.0
FB-19,2026-11-14,85,73,345.0
FB-19,2026-11-15,79,74,332.0
FB-20,2026-09-17,83,61,339.0
FB-20,2026-09-18,86,63,370.0
FB-20,2026-09-19,87,67,315.0
FB-20,2026-09-20,84,69,347.0
FB-20,2026-09-21,78,68,336.0
FB-20,2026-09-22,77,67,377.0
FB-20,2026-09-23,83,67,335.0
FB-20,2026-09-24,77,66,387.0
FB-20,2026-09-25,82,60,350.0
FB-20,2026-09-26,80,73,358.0
FB-20,2026-09-27,80,70,336.0
FB-20,2026-09-28,81,53,319.0
FB-20,2026-09-29,82,58,334.0
FB-20,2026-09-30,77,65,374.0
FB-20,2026-10-01,77,60,340.0
FB-20,2026-10-02,83,70,295.0
FB-20,2026-10-03,78,71,360.0
FB-20,2026-10-04,85,70,363.0
FB-20,2026-10-05,86,69,355.0
FB-20,2026-10-06,78,67,369.0
FB-20,2026-10-07,80,67,286.0
FB-20,2026-10-08,80,70,329.0
FB-20,2026-10-09,80,63,383.0
FB-20,2026-10-10,80,71,348.0
FB-20,2026-10-11,79,65,327.0
FB-20,2026-10-12,83,61,372.0
FB-20,2026-10-13,80,73,355.0
FB-20,2026-10-14,78,61,399.0
FB-20,2026-10-15,87,61,343.0
FB-20,2026-10-16,84,61,341.0
FB-20,2026-10-17,88,76,364.0
FB-20,2026-10-18,83,76,369.0
FB-20,2026-10-19,84,69,309.0
FB-20,2026-10-20,88,60,404.0
FB-20,2026-10-21,85,78,351.0
FB-20,2026-10-22,88,63,351.0
FB-20,2026-10-23,89,62,359.0
FB-20,2026-10-24,89,66,351.0
FB-20,2026-10-25,87,77,353.0
FB-20,2026-10-26,78,61,374.0
FB-20,2026-10-27,83,56,335.0
FB-20,2026-10-28,81,50,316.0
FB-20,2026-10-29,89,63,311.0
FB-20,2026-10-30,79,66,335.0
FB-20,2026-10-31,87,82,332.0
FB-20,2026-11-01,87,75,349.0
FB-20,2026-11-02,83,68,333.0
FB-20,2026-11-03,83,71,315.0
FB-20,2026-11-04,88,69,327.0
FB-20,2026-11-05,83,75,345.0
FB-20,2026-11-06,87,73,296.0
FB-20,2026-11-07,88,83,329.0
FB-20,2026-11-08,79,66,354.0
FB-20,2026-11-09,84,60,331.0
FB-20,2026-11-10,81,58,383.0
FB-20,2026-11-11,79,51,299.0
FB-20,2026-11-12,84,64,327.0
FB-20,2026-11-13,85,59,363.0
FB-20,2026-11-14,84,76,281.0
FB-20,2026-11-15,90,73,343.0
FB-21,2026-09-17,84,62,302.0
FB-21,2026-09-18,85,63,368.0
FB-21,2026-09-19,78,75,319.0
FB-21,2026-09-20,85,74,308.0
FB-21,2026-09-21,88,61,312.0
FB-21,2026-09-22,86,68,369.0
FB-21,2026-09-23,87,65,350.0
FB-21,2026-09-24,87,63,359.0
FB-21,2026-09-25,81,56,305.0
FB-21,2026-09-26,88,82,337.0
FB-21,2026-09-27,77,81,325.0
FB-21,2026-09-28,81,62,340.0
FB-21,2026-09-29,80,66,322.0
FB-21,2026-09-30,82,66,329.0
FB-21,2026-10-01,83,68,353.0
FB-21,2026-10-02,80,63,348.0
FB-21,2026-10-03,82,71,344.0
FB-21,2026-10-04,87,73,297.0
FB-21,2026-10-05,87,61,303.0
FB-21,2026-10-06,80,70,341.0
FB-21,2026-10-07,77,65,316.0
FB-21,2026-10-08,78,60,355.0
FB-21,2026-10-09,85,56,377.0
FB-21,2026-10-10,78,71,316.0
FB-21,2026-10-11,86,69,401.0
FB-21,2026-10-12,90,75,326.0
FB-21,2026-10-13,79,69,339.0
FB-21,2026-10-14,84,65,302.0
FB-21,2026-10-15,88,58,306.0
FB-21,2026-10-16,91,58,332.0
FB-21,2026-10-17,85,81,302.0
FB-21,2026-10-18,78,74,329.0
FB-21,2026-10-19,81,68,338.0
FB-21,2026-10-20,83,69,375.0
FB-21,2026-10-21,86,58,340.0
FB-21,2026-10-22,84,64,360.0
FB-21,2026-10-23,87,55,273.0
FB-21,2026-10-24,79,73,335.0
FB-21,2026-10-25,81,70,318.0
FB-21,2026-10-26,85,62,359.0
FB-21,2026-10-27,88,62,334.0
FB-21,2026-10-28,88,66,363.0
FB-21,2026-10-29,82,68,328.0
FB-21,2026-10-30,79,62,334.0
FB-21,2026-10-31,81,70,336.0
FB-21,2026-11-01,89,72,347.0
FB-21,2026-11-02,90,61,321.0
FB-21,2026-11-03,80,61,338.0
FB-21,2026-11-04,84,55,334.0
FB-21,2026-11-05,78,63,330.0
FB-21,2026-11-06,90,65,335.0
FB-21,2026-11-07,81,77,368.0
FB-21,2026-11-08,86,85,338.0
FB-21,2026-11-09,86,63,366.0
FB-21,2026-11-10,83,61,328.0
FB-21,2026-11-11,81,63,380.0
FB-21,2026-11-12,85,66,376.0
FB-21,2026-11-13,80,73,325.0
FB-21,2026-11-14,82,83,348.0
FB-21,2026-11-15,80,75,333.0
FB-22,2026-09-17,119,107,326.0
FB-22,2026-09-18,123,102,327.0
FB-22,2026-09-19,126,115,294.0
FB-22,2026-09-20,130,113,326.0
FB-22,2026-09-21,117,101,382.0
FB-22,2026-09-22,117,91,339.0
FB-22,2026-09-23,124,101,323.0
FB-22,2026-09-24,117,103,337.0
FB-22,2026-09-25,132,91,343.0
FB-22,2026-09-26,124,114,353.0
FB-22,2026-09-27,127,123,330.0
FB-22,2026-09-28,130,98,313.0
FB-22,2026-09-29,123,90,350.0
FB-22,2026-09-30,121,101,314.0
FB-22,2026-10-01,129,86,307.0
FB-22,2026-10-02,126,91,342.0
FB-22,2026-10-03,125,97,324.0
FB-22,2026-10-04,132,100,331.0
FB-22,2026-10-05,121,91,363.0
FB-22,2026-10-06,122,101,344.0
FB-22,2026-10-07,136,101,324.0
FB-22,2026-10-08,134,90,401.0
FB-22,2026-10-09,125,96,334.0
FB-22,2026-10-10,124,108,360.0
FB-22,2026-10-11,128,115,350.0
FB-22,2026-10-12,128,94,315.0
FB-22,2026-10-13,132,99,331.0
FB-22,2026-10-14,132,95,342.0
FB-22,2026-10-15,135,97,350.0
FB-22,2026-10-16,132,115,332.0
FB-22,2026-10-17,123,108,342.0
FB-22,2026-10-18,137,108,375.0
FB-22,2026-10-19,133,93,342.0
FB-22,2026-10-20,124,98,297.0
FB-22,2026-10-21,117,93,311.0
FB-22,2026-10-22,132,103,308.0
FB-22,2026-10-23,118,102,312.0
FB-22,2026-10-24,116,126,352.0
FB-22,2026-10-25,119,95,364.0
FB-22,2026-10-26,118,111,339.0
FB-22,2026-10-27,121,93,306.0
FB-22,2026-10-28,121,100,347.0
FB-22,2026-10-29,119,90,348.0
FB-22,2026-10-30,125,98,304.0
FB-22,2026-10-31,132,110,338.0
FB-22,2026-11-01,119,112,310.0
FB-22,2026-11-02,125,94,302.0
FB-22,2026-11-03,118,89,298.0
FB-22,2026-11-04,124,105,326.0
FB-22,2026-11-05,122,97,318.0
FB-22,2026-11-06,127,106,377.0
FB-22,2026-11-07,130,106,331.0
FB-22,2026-11-08,122,101,324.0
FB-22,2026-11-09,122,95,299.0
FB-22,2026-11-10,126,94,334.0
FB-22,2026-11-11,122,94,377.0
FB-22,2026-11-12,128,103,340.0
FB-22,2026-11-13,120,101,321.0
FB-22,2026-11-14,122,101,327.0
FB-22,2026-11-15,128,112,347.0
FB-23,2026-09-17,89,64,304.0
FB-23,2026-09-18,86,62,337.0
FB-23,2026-09-19,89,73,395.0
FB-23,2026-09-20,81,72,321.0
FB-23,2026-09-21,83,66,287.0
FB-23,2026-09-22,87,73,363.0
FB-23,2026-09-23,91,65,348.0
FB-23,2026-09-24,91,59,326.0
FB-23,2026-09-25,82,61,343.0
FB-23,2026-09-26,86,67,317.0
FB-23,2026-09-27,79,76,327.0
FB-23,2026-09-28,91,65,353.0
FB-23,2026-09-29,78,74,339.0
FB-23,2026-09-30,78,78,342.0
FB-23,2026-10-01,82,64,303.0
FB-23,2026-10-02,78,64,380.0
FB-23,2026-10-03,90,73,331.0
FB-23,2026-10-04,83,82,340.0
FB-23,2026-10-05,82,78,341.0
FB-23,2026-10-06,80,76,311.0
FB-23,2026-10-07,86,60,322.0
FB-23,2026-10-08,79,56,339.0
FB-23,2026-10-09,78,72,359.0
FB-23,2026-10-10,84,76,351.0
FB-23,2026-10-11,87,72,345.0
FB-23,2026-10-12,80,63,361.0
FB-23,2026-10-13,85,64,410.0
FB-23,2026-10-14,84,71,342.0
FB-23,2026-10-15,91,63,364.0
FB-23,2026-10-16,83,63,350.0
FB-23,2026-10-17,78,80,352.0
FB-23,2026-10-18,86,80,357.0
FB-23,2026-10-19,91,61,326.0
FB-23,2026-10-20,90,55,371.0
FB-23,2026-10-21,87,69,358.0
FB-23,2026-10-22,85,58,311.0
FB-23,2026-10-23,89,56,344.0
FB-23,2026-10-24,80,76,335.0
FB-23,2026-10-25,88,75,348.0
FB-23,2026-10-26,79,69,403.0
FB-23,2026-10-27,90,61,293.0
FB-23,2026-10-28,79,65,343.0
FB-23,2026-10-29,84,53,331.0
FB-23,2026-10-30,90,61,342.0
FB-23,2026-10-31,82,73,325.0
FB-23,2026-11-01,89,73,340.0
FB-23,2026-11-02,85,64,341.0
FB-23,2026-11-03,82,59,335.0
FB-23,2026-11-04,83,63,386.0
FB-23,2026-11-05,89,64,362.0
FB-23,2026-11-06,81,61,321.0
FB-23,2026-11-07,88,76,314.0
FB-23,2026-11-08,89,79,355.0
FB-23,2026-11-09,79,66,321.0
FB-23,2026-11-10,89,63,363.0
FB-23,2026-11-11,83,61,290.0
FB-23,2026-11-12,89,59,356.0
FB-23,2026-11-13,90,62,323.0
FB-23,2026-11-14,80,74,311.0
FB-23,2026-11-15,87,80,343.0
FB-24,2026-09-17,58,56,300.0
FB-24,2026-09-18,63,42,345.0
FB-24,2026-09-19,61,50,384.0
FB-24,2026-09-20,63,50,302.0
FB-24,2026-09-21,64,51,307.0
FB-24,2026-09-22,60,44,324.0
FB-24,2026-09-23,63,43,394.0
FB-24,2026-09-24,56,48,351.0
FB-24,2026-09-25,59,50,351.0
FB-24,2026-09-26,65,42,345.0
FB-24,2026-09-27,58,60,371.0
FB-24,2026-09-28,61,46,362.0
FB-24,2026-09-29,59,44,306.0
FB-24,2026-09-30,57,50,351.0
FB-24,2026-10-01,58,53,318.0
FB-24,2026-10-02,64,45,274.0
FB-24,2026-10-03,58,46,422.0
FB-24,2026-10-04,62,52,344.0
FB-24,2026-10-05,65,44,373.0
FB-24,2026-10-06,64,45,308.0
FB-24,2026-10-07,56,49,290.0
FB-24,2026-10-08,58,44,353.0
FB-24,2026-10-09,63,47,324.0
FB-24,2026-10-10,58,47,369.0
FB-24,2026-10-11,59,48,332.0
FB-24,2026-10-12,62,46,361.0
FB-24,2026-10-13,65,46,340.0
FB-24,2026-10-14,60,45,336.0
FB-24,2026-10-15,62,49,335.0
FB-24,2026-10-16,60,51,352.0
FB-24,2026-10-17,61,48,324.0
FB-24,2026-10-18,60,56,361.0
FB-24,2026-10-19,56,40,340.0
FB-24,2026-10-20,58,44,306.0
FB-24,2026-10-21,55,41,365.0
FB-24,2026-10-22,61,47,341.0
FB-24,2026-10-23,64,48,350.0
FB-24,2026-10-24,58,59,321.0
FB-24,2026-10-25,59,53,301.0
FB-24,2026-10-26,59,44,303.0
FB-24,2026-10-27,56,47,353.0
FB-24,2026-10-28,56,39,315.0
FB-24,2026-10-29,63,45,296.0
FB-24,2026-10-30,60,48,351.0
FB-24,2026-10-31,64,59,351.0
FB-24,2026-11-01,64,56,334.0
FB-24,2026-11-02,59,50,298.0
FB-24,2026-11-03,59,43,369.0
FB-24,2026-11-04,62,51,376.0
FB-24,2026-11-05,64,44,332.0
FB-24,2026-11-06,62,52,305.0
FB-24,2026-11-07,60,48,330.0
FB-24,2026-11-08,65,54,319.0
FB-24,2026-11-09,62,50,340.0
FB-24,2026-11-10,59,48,331.0
FB-24,2026-11-11,60,48,353.0
FB-24,2026-11-12,58,48,414.0
FB-24,2026-11-13,58,46,340.0
FB-24,2026-11-14,60,48,364.0
FB-24,2026-11-15,62,51,298.0
FB-25,2026-09-17,80,65,306.0
FB-25,2026-09-18,83,76,404.0
FB-25,2026-09-19,83,73,341.0
FB-25,2026-09-20,86,65,347.0
FB-25,2026-09-21,80,68,368.0
FB-25,2026-09-22,81,61,296.0
FB-25,2026-09-23,88,66,341.0
FB-25,2026-09-24,90,73,375.0
FB-25,2026-09-25,87,67,343.0
FB-25,2026-09-26,90,75,325.0
FB-25,2026-09-27,90,81,363.0
FB-25,2026-09-28,79,59,356.0
FB-25,2026-09-29,87,55,337.0
FB-25,2026-09-30,88,64,342.0
FB-25,2026-10-01,81,61,316.0
FB-25,2026-10-02,83,60,332.0
FB-25,2026-10-03,79,74,320.0
FB-25,2026-10-04,79,80,330.0
FB-25,2026-10-05,91,66,316.0
FB-25,2026-10-06,85,68,336.0
FB-25,2026-10-07,78,64,329.0
FB-25,2026-10-08,89,60,332.0
FB-25,2026-10-09,84,69,290.0
FB-25,2026-10-10,91,69,356.0
FB-25,2026-10-11,82,74,365.0
FB-25,2026-10-12,88,65,346.0
FB-25,2026-10-13,79,65,306.0
FB-25,2026-10-14,87,63,312.0
FB-25,2026-10-15,84,65,323.0
FB-25,2026-10-16,88,63,308.0
FB-25,2026-10-17,91,75,346.0
FB-25,2026-10-18,91,71,324.0
FB-25,2026-10-19,86,65,359.0
FB-25,2026-10-20,90,63,294.0
FB-25,2026-10-21,82,59,342.0
FB-25,2026-10-22,78,71,342.0
FB-25,2026-10-23,84,65,332.0
FB-25,2026-10-24,89,68,372.0
FB-25,2026-10-25,81,82,341.0
FB-25,2026-10-26,89,65,332.0
FB-25,2026-10-27,92,67,344.0
FB-25,2026-10-28,87,72,334.0
FB-25,2026-10-29,89,73,335.0
FB-25,2026-10-30,79,56,338.0
FB-25,2026-10-31,87,63,352.0
FB-25,2026-11-01,83,78,334.0
FB-25,2026-11-02,84,68,342.0
FB-25,2026-11-03,90,70,333.0
FB-25,2026-11-04,81,62,344.0
FB-25,2026-11-05,79,59,325.0
FB-25,2026-11-06,89,66,324.0
FB-25,2026-11-07,92,68,305.0
FB-25,2026-11-08,84,73,323.0
FB-25,2026-11-09,86,64,340.0
FB-25,2026-11-10,88,63,313.0
FB-25,2026-11-11,79,78,292.0
FB-25,2026-11-12,92,71,311.0
FB-25,2026-11-13,81,67,366.0
FB-25,2026-11-14,88,71,346.0
FB-25,2026-11-15,89,83,348.0
