store,sku,stock,reorder_level
FB-01,SKU-001,6,2
FB-01,SKU-002,2,2
FB-01,SKU-003,12,6
FB-01,SKU-004,14,5
FB-01,SKU-005,15,8
FB-01,SKU-006,9,4
FB-01,SKU-007,4,2
FB-01,SKU-008,5,2
FB-01,SKU-009,5,2
FB-01,SKU-010,7,3
FB-01,SKU-011,16,6
FB-01,SKU-012,6,3
FB-01,SKU-013,11,5
FB-01,SKU-014,15,7
FB-01,SKU-015,6,3
FB-01,SKU-016,1,2
FB-01,SKU-017,10,3
FB-01,SKU-018,2,2
FB-01,SKU-019,11,4
FB-01,SKU-020,5,2
FB-01,SKU-021,4,2
FB-01,SKU-022,17,7
FB-01,SKU-023,24,9
FB-01,SKU-024,8,3
FB-01,SKU-025,9,5
FB-01,SKU-026,19,6
FB-01,SKU-027,42,14
FB-01,SKU-028,8,3
FB-01,SKU-029,35,11
FB-01,SKU-030,67,24
FB-01,SKU-031,30,10
FB-01,SKU-032,71,28
FB-01,SKU-033,4,2
FB-01,SKU-034,8,3
FB-01,SKU-035,9,3
FB-01,SKU-036,10,4
FB-01,SKU-037,25,9
FB-01,SKU-038,19,6
FB-01,SKU-039,28,12
FB-01,SKU-040,18,7
FB-01,SKU-041,10,3
FB-01,SKU-042,66,30
FB-02,SKU-001,5,2
FB-02,SKU-002,4,2
FB-02,SKU-003,17,8
FB-02,SKU-004,14,6
FB-02,SKU-005,17,9
FB-02,SKU-006,14,6
FB-02,SKU-007,5,2
FB-02,SKU-008,4,2
FB-02,SKU-009,7,3
FB-02,SKU-010,8,4
FB-02,SKU-011,26,9
FB-02,SKU-012,9,4
FB-02,SKU-013,24,9
FB-02,SKU-014,23,12
FB-02,SKU-015,5,2
FB-02,SKU-016,2,2
FB-02,SKU-017,9,4
FB-02,SKU-018,4,2
FB-02,SKU-019,10,4
FB-02,SKU-020,7,3
FB-02,SKU-021,5,3
FB-02,SKU-022,29,11
FB-02,SKU-023,25,12
FB-02,SKU-024,8,4
FB-02,SKU-025,11,5
FB-02,SKU-026,20,8
FB-02,SKU-027,59,21
FB-02,SKU-028,7,3
FB-02,SKU-029,43,16
FB-02,SKU-030,99,33
FB-02,SKU-031,41,16
FB-02,SKU-032,102,38
FB-02,SKU-033,3,2
FB-02,SKU-034,9,4
FB-02,SKU-035,10,4
FB-02,SKU-036,12,5
FB-02,SKU-037,46,16
FB-02,SKU-038,28,12
FB-02,SKU-039,35,15
FB-02,SKU-040,21,8
FB-02,SKU-041,7,2
FB-02,SKU-042,140,44
FB-03,SKU-001,0,2
FB-03,SKU-002,3,2
FB-03,SKU-003,12,4
FB-03,SKU-004,15,6
FB-03,SKU-005,14,5
FB-03,SKU-006,6,3
FB-03,SKU-007,0,2
FB-03,SKU-008,2,2
FB-03,SKU-009,4,2
FB-03,SKU-010,7,3
FB-03,SKU-011,16,6
FB-03,SKU-012,8,3
FB-03,SKU-013,10,4
FB-03,SKU-014,13,7
FB-03,SKU-015,5,2
FB-03,SKU-016,1,2
FB-03,SKU-017,10,4
FB-03,SKU-018,2,2
FB-03,SKU-019,7,3
FB-03,SKU-020,6,3
FB-03,SKU-021,6,2
FB-03,SKU-022,17,7
FB-03,SKU-023,18,8
FB-03,SKU-024,8,3
FB-03,SKU-025,12,4
FB-03,SKU-026,21,6
FB-03,SKU-027,47,15
FB-03,SKU-028,4,2
FB-03,SKU-029,15,5
FB-03,SKU-030,78,25
FB-03,SKU-031,50,16
FB-03,SKU-032,59,25
FB-03,SKU-033,3,2
FB-03,SKU-034,8,2
FB-03,SKU-035,6,2
FB-03,SKU-036,9,4
FB-03,SKU-037,32,11
FB-03,SKU-038,16,6
FB-03,SKU-039,32,14
FB-03,SKU-040,22,7
FB-03,SKU-041,4,2
FB-03,SKU-042,69,25
FB-04,SKU-001,7,3
FB-04,SKU-002,3,2
FB-04,SKU-003,20,8
FB-04,SKU-004,11,6
FB-04,SKU-005,17,9
FB-04,SKU-006,14,6
FB-04,SKU-007,8,3
FB-04,SKU-008,3,2
FB-04,SKU-009,7,3
FB-04,SKU-010,9,4
FB-04,SKU-011,21,8
FB-04,SKU-012,9,4
FB-04,SKU-013,15,8
FB-04,SKU-014,20,11
FB-04,SKU-015,5,2
FB-04,SKU-016,2,2
FB-04,SKU-017,15,6
FB-04,SKU-018,3,2
FB-04,SKU-019,9,5
FB-04,SKU-020,7,4
FB-04,SKU-021,5,2
FB-04,SKU-022,23,10
FB-04,SKU-023,25,11
FB-04,SKU-024,9,4
FB-04,SKU-025,12,6
FB-04,SKU-026,29,12
FB-04,SKU-027,68,21
FB-04,SKU-028,6,2
FB-04,SKU-029,29,11
FB-04,SKU-030,74,30
FB-04,SKU-031,79,24
FB-04,SKU-032,116,35
FB-04,SKU-033,9,3
FB-04,SKU-034,14,4
FB-04,SKU-035,9,3
FB-04,SKU-036,28,9
FB-04,SKU-037,35,11
FB-04,SKU-038,25,8
FB-04,SKU-039,43,15
FB-04,SKU-040,14,5
FB-04,SKU-041,7,2
FB-04,SKU-042,126,38
FB-05,SKU-001,5,2
FB-05,SKU-002,2,2
FB-05,SKU-003,11,5
FB-05,SKU-004,14,6
FB-05,SKU-005,12,6
FB-05,SKU-006,10,4
FB-05,SKU-007,4,2
FB-05,SKU-008,3,2
FB-05,SKU-009,6,3
FB-05,SKU-010,9,3
FB-05,SKU-011,21,8
FB-05,SKU-012,9,4
FB-05,SKU-013,14,7
FB-05,SKU-014,19,8
FB-05,SKU-015,4,2
FB-05,SKU-016,2,2
FB-05,SKU-017,9,3
FB-05,SKU-018,3,2
FB-05,SKU-019,9,5
FB-05,SKU-020,8,4
FB-05,SKU-021,6,2
FB-05,SKU-022,14,8
FB-05,SKU-023,24,10
FB-05,SKU-024,7,3
FB-05,SKU-025,13,5
FB-05,SKU-026,22,8
FB-05,SKU-027,47,18
FB-05,SKU-028,11,4
FB-05,SKU-029,22,10
FB-05,SKU-030,67,26
FB-05,SKU-031,25,11
FB-05,SKU-032,89,31
FB-05,SKU-033,7,2
FB-05,SKU-034,11,4
FB-05,SKU-035,9,4
FB-05,SKU-036,9,4
FB-05,SKU-037,20,9
FB-05,SKU-038,27,9
FB-05,SKU-039,33,12
FB-05,SKU-040,19,8
FB-05,SKU-041,5,2
FB-05,SKU-042,95,35
FB-06,SKU-001,6,3
FB-06,SKU-002,3,2
FB-06,SKU-003,17,9
FB-06,SKU-004,15,6
FB-06,SKU-005,20,9
FB-06,SKU-006,15,6
FB-06,SKU-007,5,2
FB-06,SKU-008,4,2
FB-06,SKU-009,9,3
FB-06,SKU-010,12,5
FB-06,SKU-011,15,8
FB-06,SKU-012,7,3
FB-06,SKU-013,22,8
FB-06,SKU-014,25,12
FB-06,SKU-015,5,2
FB-06,SKU-016,1,2
FB-06,SKU-017,11,5
FB-06,SKU-018,5,2
FB-06,SKU-019,9,4
FB-06,SKU-020,9,3
FB-06,SKU-021,8,3
FB-06,SKU-022,22,9
FB-06,SKU-023,23,11
FB-06,SKU-024,8,4
FB-06,SKU-025,10,5
FB-06,SKU-026,26,10
FB-06,SKU-027,68,22
FB-06,SKU-028,13,4
FB-06,SKU-029,21,9
FB-06,SKU-030,67,26
FB-06,SKU-031,31,13
FB-06,SKU-032,119,36
FB-06,SKU-033,3,2
FB-06,SKU-034,6,2
FB-06,SKU-035,5,2
FB-06,SKU-036,15,6
FB-06,SKU-037,41,12
FB-06,SKU-038,38,13
FB-06,SKU-039,36,14
FB-06,SKU-040,20,7
FB-06,SKU-041,5,2
FB-06,SKU-042,137,46
FB-07,SKU-001,6,2
FB-07,SKU-002,1,2
FB-07,SKU-003,18,7
FB-07,SKU-004,10,5
FB-07,SKU-005,15,6
FB-07,SKU-006,5,3
FB-07,SKU-007,2,2
FB-07,SKU-008,3,2
FB-07,SKU-009,7,2
FB-07,SKU-010,5,3
FB-07,SKU-011,13,6
FB-07,SKU-012,6,3
FB-07,SKU-013,11,5
FB-07,SKU-014,22,8
FB-07,SKU-015,3,2
FB-07,SKU-016,0,2
FB-07,SKU-017,6,3
FB-07,SKU-018,4,2
FB-07,SKU-019,6,3
FB-07,SKU-020,6,3
FB-07,SKU-021,5,2
FB-07,SKU-022,19,7
FB-07,SKU-023,24,9
FB-07,SKU-024,11,4
FB-07,SKU-025,9,5
FB-07,SKU-026,23,9
FB-07,SKU-027,42,14
FB-07,SKU-028,10,4
FB-07,SKU-029,11,5
FB-07,SKU-030,55,19
FB-07,SKU-031,19,8
FB-07,SKU-032,92,28
FB-07,SKU-033,3,2
FB-07,SKU-034,3,2
FB-07,SKU-035,9,3
FB-07,SKU-036,10,3
FB-07,SKU-037,31,10
FB-07,SKU-038,14,5
FB-07,SKU-039,35,13
FB-07,SKU-040,10,3
FB-07,SKU-041,4,2
FB-07,SKU-042,59,26
FB-08,SKU-001,7,3
FB-08,SKU-002,3,2
FB-08,SKU-003,24,8
FB-08,SKU-004,14,7
FB-08,SKU-005,21,9
FB-08,SKU-006,12,5
FB-08,SKU-007,12,2
FB-08,SKU-008,11,2
FB-08,SKU-009,13,3
FB-08,SKU-010,20,4
FB-08,SKU-011,42,8
FB-08,SKU-012,22,4
FB-08,SKU-013,15,8
FB-08,SKU-014,21,10
FB-08,SKU-015,3,2
FB-08,SKU-016,2,2
FB-08,SKU-017,10,5
FB-08,SKU-018,5,2
FB-08,SKU-019,15,5
FB-08,SKU-020,7,3
FB-08,SKU-021,7,3
FB-08,SKU-022,24,10
FB-08,SKU-023,24,12
FB-08,SKU-024,8,4
FB-08,SKU-025,13,6
FB-08,SKU-026,25,9
FB-08,SKU-027,61,23
FB-08,SKU-028,7,2
FB-08,SKU-029,31,11
FB-08,SKU-030,81,35
FB-08,SKU-031,44,18
FB-08,SKU-032,91,38
FB-08,SKU-033,10,3
FB-08,SKU-034,11,4
FB-08,SKU-035,11,4
FB-08,SKU-036,14,6
FB-08,SKU-037,38,15
FB-08,SKU-038,21,7
FB-08,SKU-039,46,14
FB-08,SKU-040,17,8
FB-08,SKU-041,6,2
FB-08,SKU-042,118,49
FB-09,SKU-001,7,3
FB-09,SKU-002,2,2
FB-09,SKU-003,12,6
FB-09,SKU-004,14,5
FB-09,SKU-005,17,8
FB-09,SKU-006,9,4
FB-09,SKU-007,5,2
FB-09,SKU-008,4,2
FB-09,SKU-009,6,2
FB-09,SKU-010,5,3
FB-09,SKU-011,18,7
FB-09,SKU-012,7,3
FB-09,SKU-013,10,5
FB-09,SKU-014,19,7
FB-09,SKU-015,3,2
FB-09,SKU-016,2,2
FB-09,SKU-017,10,4
FB-09,SKU-018,2,2
FB-09,SKU-019,8,3
FB-09,SKU-020,5,2
FB-09,SKU-021,4,2
FB-09,SKU-022,16,7
FB-09,SKU-023,22,8
FB-09,SKU-024,7,3
FB-09,SKU-025,9,4
FB-09,SKU-026,18,8
FB-09,SKU-027,33,10
FB-09,SKU-028,4,2
FB-09,SKU-029,15,6
FB-09,SKU-030,56,20
FB-09,SKU-031,29,9
FB-09,SKU-032,63,25
FB-09,SKU-033,11,4
FB-09,SKU-034,7,3
FB-09,SKU-035,1,2
FB-09,SKU-036,12,5
FB-09,SKU-037,15,6
FB-09,SKU-038,13,6
FB-09,SKU-039,22,10
FB-09,SKU-040,15,5
FB-09,SKU-041,3,2
FB-09,SKU-042,112,35
FB-10,SKU-001,4,2
FB-10,SKU-002,3,2
FB-10,SKU-003,13,5
FB-10,SKU-004,12,4
FB-10,SKU-005,18,7
FB-10,SKU-006,10,4
FB-10,SKU-007,4,2
FB-10,SKU-008,3,2
FB-10,SKU-009,5,2
FB-10,SKU-010,5,3
FB-10,SKU-011,14,7
FB-10,SKU-012,7,3
FB-10,SKU-013,10,5
FB-10,SKU-014,19,8
FB-10,SKU-015,4,2
FB-10,SKU-016,1,2
FB-10,SKU-017,6,3
FB-10,SKU-018,4,2
FB-10,SKU-019,8,4
FB-10,SKU-020,6,2
FB-10,SKU-021,6,2
FB-10,SKU-022,13,6
FB-10,SKU-023,16,8
FB-10,SKU-024,7,3
FB-10,SKU-025,9,5
FB-10,SKU-026,19,8
FB-10,SKU-027,40,17
FB-10,SKU-028,5,2
FB-10,SKU-029,21,6
FB-10,SKU-030,53,18
FB-10,SKU-031,37,11
FB-10,SKU-032,70,24
FB-10,SKU-033,5,2
FB-10,SKU-034,9,3
FB-10,SKU-035,8,3
FB-10,SKU-036,16,6
FB-10,SKU-037,24,8
FB-10,SKU-038,18,8
FB-10,SKU-039,38,13
FB-10,SKU-040,12,5
FB-10,SKU-041,1,2
FB-10,SKU-042,83,33
FB-11,SKU-001,5,2
FB-11,SKU-002,2,2
FB-11,SKU-003,11,5
FB-11,SKU-004,13,6
FB-11,SKU-005,11,6
FB-11,SKU-006,8,4
FB-11,SKU-007,5,2
FB-11,SKU-008,3,2
FB-11,SKU-009,4,2
FB-11,SKU-010,7,3
FB-11,SKU-011,18,7
FB-11,SKU-012,4,2
FB-11,SKU-013,11,6
FB-11,SKU-014,14,8
FB-11,SKU-015,4,2
FB-11,SKU-016,1,2
FB-11,SKU-017,6,3
FB-11,SKU-018,2,2
FB-11,SKU-019,7,3
FB-11,SKU-020,6,2
FB-11,SKU-021,4,2
FB-11,SKU-022,12,6
FB-11,SKU-023,16,7
FB-11,SKU-024,6,2
FB-11,SKU-025,11,5
FB-11,SKU-026,14,6
FB-11,SKU-027,43,14
FB-11,SKU-028,5,2
FB-11,SKU-029,20,8
FB-11,SKU-030,61,25
FB-11,SKU-031,24,8
FB-11,SKU-032,69,26
FB-11,SKU-033,2,2
FB-11,SKU-034,3,2
FB-11,SKU-035,11,4
FB-11,SKU-036,8,3
FB-11,SKU-037,26,8
FB-11,SKU-038,13,6
FB-11,SKU-039,22,10
FB-11,SKU-040,13,6
FB-11,SKU-041,5,2
FB-11,SKU-042,63,26
FB-12,SKU-001,10,5
FB-12,SKU-002,5,2
FB-12,SKU-003,29,11
FB-12,SKU-004,23,10
FB-12,SKU-005,25,12
FB-12,SKU-006,12,6
FB-12,SKU-007,9,3
FB-12,SKU-008,5,3
FB-12,SKU-009,14,6
FB-12,SKU-010,13,6
FB-12,SKU-011,26,12
FB-12,SKU-012,13,5
FB-12,SKU-013,24,10
FB-12,SKU-014,29,15
FB-12,SKU-015,6,3
FB-12,SKU-016,2,2
FB-12,SKU-017,19,7
FB-12,SKU-018,4,2
FB-12,SKU-019,13,6
FB-12,SKU-020,9,5
FB-12,SKU-021,11,5
FB-12,SKU-022,24,12
FB-12,SKU-023,34,17
FB-12,SKU-024,16,6
FB-12,SKU-025,14,7
FB-12,SKU-026,44,16
FB-12,SKU-027,71,29
FB-12,SKU-028,15,6
FB-12,SKU-029,33,13
FB-12,SKU-030,111,43
FB-12,SKU-031,46,19
FB-12,SKU-032,122,53
FB-12,SKU-033,8,3
FB-12,SKU-034,13,4
FB-12,SKU-035,24,7
FB-12,SKU-036,19,6
FB-12,SKU-037,44,17
FB-12,SKU-038,43,14
FB-12,SKU-039,61,19
FB-12,SKU-040,45,18
FB-12,SKU-041,12,4
FB-12,SKU-042,150,59
FB-13,SKU-001,10,5
FB-13,SKU-002,5,2
FB-13,SKU-003,27,11
FB-13,SKU-004,20,10
FB-13,SKU-005,29,14
FB-13,SKU-006,16,7
FB-13,SKU-007,9,4
FB-13,SKU-008,6,3
FB-13,SKU-009,10,5
FB-13,SKU-010,16,6
FB-13,SKU-011,32,13
FB-13,SKU-012,22,8
FB-13,SKU-013,25,11
FB-13,SKU-014,35,17
FB-13,SKU-015,7,3
FB-13,SKU-016,3,2
FB-13,SKU-017,12,6
FB-13,SKU-018,6,2
FB-13,SKU-019,13,6
FB-13,SKU-020,12,5
FB-13,SKU-021,10,4
FB-13,SKU-022,38,16
FB-13,SKU-023,41,18
FB-13,SKU-024,12,6
FB-13,SKU-025,20,8
FB-13,SKU-026,50,17
FB-13,SKU-027,59,26
FB-13,SKU-028,8,4
FB-13,SKU-029,41,16
FB-13,SKU-030,103,39
FB-13,SKU-031,54,22
FB-13,SKU-032,170,57
FB-13,SKU-033,14,6
FB-13,SKU-034,12,5
FB-13,SKU-035,19,6
FB-13,SKU-036,21,9
FB-13,SKU-037,53,18
FB-13,SKU-038,37,13
FB-13,SKU-039,65,22
FB-13,SKU-040,34,11
FB-13,SKU-041,15,6
FB-13,SKU-042,205,64
FB-14,SKU-001,8,3
FB-14,SKU-002,3,2
FB-14,SKU-003,22,9
FB-14,SKU-004,15,6
FB-14,SKU-005,20,9
FB-14,SKU-006,11,5
FB-14,SKU-007,5,2
FB-14,SKU-008,5,2
FB-14,SKU-009,6,3
FB-14,SKU-010,12,4
FB-14,SKU-011,15,8
FB-14,SKU-012,11,4
FB-14,SKU-013,19,8
FB-14,SKU-014,32,12
FB-14,SKU-015,6,3
FB-14,SKU-016,1,2
FB-14,SKU-017,8,4
FB-14,SKU-018,3,2
FB-14,SKU-019,9,4
FB-14,SKU-020,7,3
FB-14,SKU-021,6,3
FB-14,SKU-022,23,10
FB-14,SKU-023,31,12
FB-14,SKU-024,10,4
FB-14,SKU-025,14,6
FB-14,SKU-026,20,8
FB-14,SKU-027,60,25
FB-14,SKU-028,9,3
FB-14,SKU-029,32,10
FB-14,SKU-030,70,31
FB-14,SKU-031,39,15
FB-14,SKU-032,95,32
FB-14,SKU-033,4,2
FB-14,SKU-034,11,3
FB-14,SKU-035,11,4
FB-14,SKU-036,14,6
FB-14,SKU-037,30,11
FB-14,SKU-038,30,11
FB-14,SKU-039,44,17
FB-14,SKU-040,14,6
FB-14,SKU-041,8,3
FB-14,SKU-042,121,42
FB-15,SKU-001,7,2
FB-15,SKU-002,3,2
FB-15,SKU-003,13,5
FB-15,SKU-004,7,4
FB-15,SKU-005,13,6
FB-15,SKU-006,11,4
FB-15,SKU-007,4,2
FB-15,SKU-008,4,2
FB-15,SKU-009,8,3
FB-15,SKU-010,5,2
FB-15,SKU-011,14,6
FB-15,SKU-012,5,3
FB-15,SKU-013,13,6
FB-15,SKU-014,17,8
FB-15,SKU-015,4,2
FB-15,SKU-016,2,2
FB-15,SKU-017,11,4
FB-15,SKU-018,3,2
FB-15,SKU-019,5,3
FB-15,SKU-020,6,2
FB-15,SKU-021,8,3
FB-15,SKU-022,17,7
FB-15,SKU-023,15,8
FB-15,SKU-024,7,3
FB-15,SKU-025,11,4
FB-15,SKU-026,13,6
FB-15,SKU-027,34,14
FB-15,SKU-028,4,2
FB-15,SKU-029,23,8
FB-15,SKU-030,55,21
FB-15,SKU-031,30,11
FB-15,SKU-032,70,24
FB-15,SKU-033,9,3
FB-15,SKU-034,5,2
FB-15,SKU-035,2,2
FB-15,SKU-036,16,5
FB-15,SKU-037,24,9
FB-15,SKU-038,29,11
FB-15,SKU-039,35,11
FB-15,SKU-040,17,7
FB-15,SKU-041,7,2
FB-15,SKU-042,71,23
FB-16,SKU-001,9,4
FB-16,SKU-002,4,2
FB-16,SKU-003,17,7
FB-16,SKU-004,15,8
FB-16,SKU-005,19,10
FB-16,SKU-006,12,4
FB-16,SKU-007,6,3
FB-16,SKU-008,5,2
FB-16,SKU-009,11,4
FB-16,SKU-010,10,4
FB-16,SKU-011,26,9
FB-16,SKU-012,8,5
FB-16,SKU-013,19,8
FB-16,SKU-014,28,13
FB-16,SKU-015,6,2
FB-16,SKU-016,2,2
FB-16,SKU-017,8,4
FB-16,SKU-018,3,2
FB-16,SKU-019,11,5
FB-16,SKU-020,9,3
FB-16,SKU-021,8,3
FB-16,SKU-022,18,9
FB-16,SKU-023,24,11
FB-16,SKU-024,14,5
FB-16,SKU-025,10,5
FB-16,SKU-026,30,10
FB-16,SKU-027,39,17
FB-16,SKU-028,11,5
FB-16,SKU-029,25,10
FB-16,SKU-030,91,28
FB-16,SKU-031,29,12
FB-16,SKU-032,107,35
FB-16,SKU-033,7,2
FB-16,SKU-034,22,7
FB-16,SKU-035,7,2
FB-16,SKU-036,18,8
FB-16,SKU-037,23,10
FB-16,SKU-038,23,8
FB-16,SKU-039,49,15
FB-16,SKU-040,18,7
FB-16,SKU-041,8,2
FB-16,SKU-042,124,46
FB-17,SKU-001,10,4
FB-17,SKU-002,4,2
FB-17,SKU-003,1,4
FB-17,SKU-004,2,5
FB-17,SKU-005,2,5
FB-17,SKU-006,9,5
FB-17,SKU-007,7,3
FB-17,SKU-008,5,2
FB-17,SKU-009,8,3
FB-17,SKU-010,8,4
FB-17,SKU-011,2,6
FB-17,SKU-012,7,4
FB-17,SKU-013,2,6
FB-17,SKU-014,3,8
FB-17,SKU-015,6,2
FB-17,SKU-016,2,2
FB-17,SKU-017,9,5
FB-17,SKU-018,3,2
FB-17,SKU-019,13,5
FB-17,SKU-020,6,3
FB-17,SKU-021,9,4
FB-17,SKU-022,2,6
FB-17,SKU-023,3,8
FB-17,SKU-024,9,4
FB-17,SKU-025,1,3
FB-17,SKU-026,25,10
FB-17,SKU-027,53,24
FB-17,SKU-028,7,2
FB-17,SKU-029,39,12
FB-17,SKU-030,6,16
FB-17,SKU-031,46,17
FB-17,SKU-032,8,21
FB-17,SKU-033,7,3
FB-17,SKU-034,10,3
FB-17,SKU-035,9,4
FB-17,SKU-036,9,4
FB-17,SKU-037,59,19
FB-17,SKU-038,28,11
FB-17,SKU-039,32,14
FB-17,SKU-040,19,8
FB-17,SKU-041,4,2
FB-17,SKU-042,10,25
FB-18,SKU-001,6,3
FB-18,SKU-002,2,2
FB-18,SKU-003,10,5
FB-18,SKU-004,12,5
FB-18,SKU-005,16,7
FB-18,SKU-006,8,3
FB-18,SKU-007,5,2
FB-18,SKU-008,5,2
FB-18,SKU-009,5,2
FB-18,SKU-010,8,3
FB-18,SKU-011,14,6
FB-18,SKU-012,10,4
FB-18,SKU-013,11,6
FB-18,SKU-014,16,8
FB-18,SKU-015,4,2
FB-18,SKU-016,1,2
FB-18,SKU-017,8,3
FB-18,SKU-018,3,2
FB-18,SKU-019,8,4
FB-18,SKU-020,6,3
FB-18,SKU-021,6,2
FB-18,SKU-022,19,7
FB-18,SKU-023,21,9
FB-18,SKU-024,6,2
FB-18,SKU-025,9,4
FB-18,SKU-026,11,5
FB-18,SKU-027,37,14
FB-18,SKU-028,5,2
FB-18,SKU-029,14,5
FB-18,SKU-030,59,22
FB-18,SKU-031,35,11
FB-18,SKU-032,56,25
FB-18,SKU-033,7,2
FB-18,SKU-034,5,2
FB-18,SKU-035,4,2
FB-18,SKU-036,15,5
FB-18,SKU-037,20,7
FB-18,SKU-038,25,9
FB-18,SKU-039,30,9
FB-18,SKU-040,16,6
FB-18,SKU-041,5,2
FB-18,SKU-042,89,33
FB-19,SKU-001,7,4
FB-19,SKU-002,3,2
FB-19,SKU-003,17,8
FB-19,SKU-004,13,7
FB-19,SKU-005,26,10
FB-19,SKU-006,8,3
FB-19,SKU-007,9,4
FB-19,SKU-008,3,2
FB-19,SKU-009,6,3
FB-19,SKU-010,10,4
FB-19,SKU-011,25,9
FB-19,SKU-012,8,4
FB-19,SKU-013,25,10
FB-19,SKU-014,25,10
FB-19,SKU-015,4,2
FB-19,SKU-016,2,2
FB-19,SKU-017,8,4
FB-19,SKU-018,3,2
FB-19,SKU-019,14,6
FB-19,SKU-020,7,3
FB-19,SKU-021,7,3
FB-19,SKU-022,18,10
FB-19,SKU-023,32,12
FB-19,SKU-024,9,5
FB-19,SKU-025,10,5
FB-19,SKU-026,29,12
FB-19,SKU-027,61,20
FB-19,SKU-028,18,6
FB-19,SKU-029,30,12
FB-19,SKU-030,66,25
FB-19,SKU-031,69,21
FB-19,SKU-032,92,39
FB-19,SKU-033,5,2
FB-19,SKU-034,11,4
FB-19,SKU-035,2,2
FB-19,SKU-036,9,4
FB-19,SKU-037,26,9
FB-19,SKU-038,40,14
FB-19,SKU-039,56,17
FB-19,SKU-040,20,7
FB-19,SKU-041,9,3
FB-19,SKU-042,115,46
FB-20,SKU-001,10,4
FB-20,SKU-002,4,2
FB-20,SKU-003,14,8
FB-20,SKU-004,16,6
FB-20,SKU-005,23,10
FB-20,SKU-006,11,4
FB-20,SKU-007,8,4
FB-20,SKU-008,5,2
FB-20,SKU-009,9,4
FB-20,SKU-010,8,3
FB-20,SKU-011,21,9
FB-20,SKU-012,10,4
FB-20,SKU-013,17,8
FB-20,SKU-014,23,11
FB-20,SKU-015,7,3
FB-20,SKU-016,2,2
FB-20,SKU-017,11,5
FB-20,SKU-018,4,2
FB-20,SKU-019,10,4
FB-20,SKU-020,9,4
FB-20,SKU-021,9,3
FB-20,SKU-022,27,10
FB-20,SKU-023,26,11
FB-20,SKU-024,8,4
FB-20,SKU-025,15,5
FB-20,SKU-026,33,11
FB-20,SKU-027,57,20
FB-20,SKU-028,9,4
FB-20,SKU-029,25,9
FB-20,SKU-030,96,33
FB-20,SKU-031,29,12
FB-20,SKU-032,99,35
FB-20,SKU-033,12,4
FB-20,SKU-034,8,3
FB-20,SKU-035,13,4
FB-20,SKU-036,14,5
FB-20,SKU-037,45,16
FB-20,SKU-038,28,10
FB-20,SKU-039,40,14
FB-20,SKU-040,15,5
FB-20,SKU-041,7,2
FB-20,SKU-042,106,45
FB-21,SKU-001,5,3
FB-21,SKU-002,3,2
FB-21,SKU-003,19,7
FB-21,SKU-004,18,6
FB-21,SKU-005,17,9
FB-21,SKU-006,14,6
FB-21,SKU-007,5,3
FB-21,SKU-008,5,2
FB-21,SKU-009,8,3
FB-21,SKU-010,10,4
FB-21,SKU-011,19,9
FB-21,SKU-012,13,5
FB-21,SKU-013,17,8
FB-21,SKU-014,25,13
FB-21,SKU-015,5,2
FB-21,SKU-016,2,2
FB-21,SKU-017,13,5
FB-21,SKU-018,2,2
FB-21,SKU-019,14,5
FB-21,SKU-020,6,3
FB-21,SKU-021,7,3
FB-21,SKU-022,18,9
FB-21,SKU-023,29,11
FB-21,SKU-024,10,5
FB-21,SKU-025,12,6
FB-21,SKU-026,30,11
FB-21,SKU-027,60,19
FB-21,SKU-028,7,2
FB-21,SKU-029,34,12
FB-21,SKU-030,112,34
FB-21,SKU-031,37,11
FB-21,SKU-032,121,44
FB-21,SKU-033,12,4
FB-21,SKU-034,9,3
FB-21,SKU-035,9,3
FB-21,SKU-036,15,6
FB-21,SKU-037,43,14
FB-21,SKU-038,34,11
FB-21,SKU-039,27,11
FB-21,SKU-040,25,9
FB-21,SKU-041,7,2
FB-21,SKU-042,142,45
FB-22,SKU-001,9,4
FB-22,SKU-002,4,2
FB-22,SKU-003,28,12
FB-22,SKU-004,28,10
FB-22,SKU-005,23,13
FB-22,SKU-006,15,7
FB-22,SKU-007,10,4
FB-22,SKU-008,6,3
FB-22,SKU-009,9,4
FB-22,SKU-010,14,6
FB-22,SKU-011,26,12
FB-22,SKU-012,11,6
FB-22,SKU-013,24,13
FB-22,SKU-014,29,16
FB-22,SKU-015,7,3
FB-22,SKU-016,3,2
FB-22,SKU-017,13,7
FB-22,SKU-018,4,2
FB-22,SKU-019,17,7
FB-22,SKU-020,15,5
FB-22,SKU-021,12,5
FB-22,SKU-022,27,14
FB-22,SKU-023,44,19
FB-22,SKU-024,14,6
FB-22,SKU-025,18,10
FB-22,SKU-026,34,13
FB-22,SKU-027,71,28
FB-22,SKU-028,12,5
FB-22,SKU-029,49,15
FB-22,SKU-030,156,52
FB-22,SKU-031,43,17
FB-22,SKU-032,134,58
FB-22,SKU-033,16,5
FB-22,SKU-034,21,7
FB-22,SKU-035,18,6
FB-22,SKU-036,27,9
FB-22,SKU-037,44,15
FB-22,SKU-038,62,19
FB-22,SKU-039,68,21
FB-22,SKU-040,36,12
FB-22,SKU-041,12,5
FB-22,SKU-042,162,59
FB-23,SKU-001,7,3
FB-23,SKU-002,3,2
FB-23,SKU-003,18,8
FB-23,SKU-004,14,7
FB-23,SKU-005,20,8
FB-23,SKU-006,8,4
FB-23,SKU-007,6,3
FB-23,SKU-008,5,3
FB-23,SKU-009,9,4
FB-23,SKU-010,9,3
FB-23,SKU-011,23,8
FB-23,SKU-012,10,4
FB-23,SKU-013,11,6
FB-23,SKU-014,29,12
FB-23,SKU-015,5,2
FB-23,SKU-016,1,2
FB-23,SKU-017,11,5
FB-23,SKU-018,3,2
FB-23,SKU-019,11,5
FB-23,SKU-020,9,4
FB-23,SKU-021,9,4
FB-23,SKU-022,24,9
FB-23,SKU-023,27,13
FB-23,SKU-024,8,4
FB-23,SKU-025,13,6
FB-23,SKU-026,46,14
FB-23,SKU-027,53,23
FB-23,SKU-028,6,2
FB-23,SKU-029,28,9
FB-23,SKU-030,98,33
FB-23,SKU-031,30,12
FB-23,SKU-032,101,37
FB-23,SKU-033,7,2
FB-23,SKU-034,11,4
FB-23,SKU-035,9,3
FB-23,SKU-036,12,5
FB-23,SKU-037,36,16
FB-23,SKU-038,24,8
FB-23,SKU-039,34,15
FB-23,SKU-040,24,8
FB-23,SKU-041,8,2
FB-23,SKU-042,123,48
FB-24,SKU-001,4,2
FB-24,SKU-002,1,2
FB-24,SKU-003,15,6
FB-24,SKU-004,13,6
FB-24,SKU-005,13,6
FB-24,SKU-006,8,4
FB-24,SKU-007,4,2
FB-24,SKU-008,4,2
FB-24,SKU-009,5,2
FB-24,SKU-010,8,3
FB-24,SKU-011,16,7
FB-24,SKU-012,4,2
FB-24,SKU-013,11,5
FB-24,SKU-014,22,9
FB-24,SKU-015,5,2
FB-24,SKU-016,2,2
FB-24,SKU-017,8,4
FB-24,SKU-018,3,2
FB-24,SKU-019,6,3
FB-24,SKU-020,7,3
FB-24,SKU-021,8,3
FB-24,SKU-022,13,6
FB-24,SKU-023,21,8
FB-24,SKU-024,7,3
FB-24,SKU-025,12,5
FB-24,SKU-026,25,11
FB-24,SKU-027,33,14
FB-24,SKU-028,2,2
FB-24,SKU-029,22,9
FB-24,SKU-030,52,21
FB-24,SKU-031,32,11
FB-24,SKU-032,59,23
FB-24,SKU-033,1,2
FB-24,SKU-034,10,3
FB-24,SKU-035,12,5
FB-24,SKU-036,10,4
FB-24,SKU-037,25,9
FB-24,SKU-038,35,11
FB-24,SKU-039,36,11
FB-24,SKU-040,13,4
FB-24,SKU-041,7,3
FB-24,SKU-042,80,31
FB-25,SKU-001,7,4
FB-25,SKU-002,2,2
FB-25,SKU-003,17,9
FB-25,SKU-004,12,6
FB-25,SKU-005,18,9
FB-25,SKU-006,12,6
FB-25,SKU-007,5,3
FB-25,SKU-008,4,2
FB-25,SKU-009,11,4
FB-25,SKU-010,11,4
FB-25,SKU-011,20,8
FB-25,SKU-012,9,4
FB-25,SKU-013,17,9
FB-25,SKU-014,19,10
FB-25,SKU-015,6,2
FB-25,SKU-016,2,2
FB-25,SKU-017,11,4
FB-25,SKU-018,3,2
FB-25,SKU-019,13,6
FB-25,SKU-020,13,5
FB-25,SKU-021,9,4
FB-25,SKU-022,18,9
FB-25,SKU-023,19,10
FB-25,SKU-024,9,5
FB-25,SKU-025,13,5
FB-25,SKU-026,43,13
FB-25,SKU-027,74,25
FB-25,SKU-028,15,7
FB-25,SKU-029,27,10
FB-25,SKU-030,92,32
FB-25,SKU-031,47,16
FB-25,SKU-032,114,43
FB-25,SKU-033,7,2
FB-25,SKU-034,7,3
FB-25,SKU-035,7,3
FB-25,SKU-036,21,6
FB-25,SKU-037,34,11
FB-25,SKU-038,25,11
FB-25,SKU-039,32,12
FB-25,SKU-040,17,6
FB-25,SKU-041,10,3
FB-25,SKU-042,112,44
