sku,product,category,price,perishability,shelf_life_days
SKU-001,Milk Bread,Bakery,60,High,3
SKU-002,Brown Bread,Bakery,60,High,3
SKU-003,Pav,Bakery,30,High,1
SKU-004,Croissant,Bakery,120,High,1
SKU-005,Banana Cake,Bakery,60,High,3
SKU-006,Rusk,Bakery,60,High,3
SKU-007,Toned Milk 500ml,Dairy,120,High,2
SKU-008,Curd 400g,Dairy,30,High,5
SKU-009,Paneer 200g,Dairy,60,High,3
SKU-010,Butter 100g,Dairy,80,High,2
SKU-011,Buttermilk,Dairy,250,High,2
SKU-012,Ghee 200ml,Dairy,45,High,3
SKU-013,Tomato 1kg,Fruits & Veg,45,High,4
SKU-014,Onion 1kg,Fruits & Veg,450,High,3
SKU-015,Banana (dozen),Fruits & Veg,80,High,3
SKU-016,Spinach,Fruits & Veg,450,High,2
SKU-017,Coriander,Fruits & Veg,30,High,3
SKU-018,Potato 1kg,Fruits & Veg,60,High,2
SKU-019,Apple 1kg,Fruits & Veg,60,High,3
SKU-020,Carrot 500g,Fruits & Veg,80,High,4
SKU-021,Idli Batter 1kg,Ready to Eat,80,High,1
SKU-022,Dosa Batter 1kg,Ready to Eat,120,High,2
SKU-023,Chapati (10),Ready to Eat,60,High,1
SKU-024,Veg Sandwich,Ready to Eat,30,High,2
SKU-025,Fruit Bowl,Ready to Eat,45,High,1
SKU-026,Sona Masoori Rice 5kg,Staples,30,Low,180
SKU-027,Toor Dal 1kg,Staples,450,Low,180
SKU-028,Atta 5kg,Staples,450,Low,365
SKU-029,Sugar 1kg,Staples,450,Low,365
SKU-030,Sunflower Oil 1L,Staples,45,Low,180
SKU-031,Salt 1kg,Staples,120,Low,180
SKU-032,Ragi Flour 1kg,Staples,120,Low,180
SKU-033,Biscuits,FMCG,250,Low,180
SKU-034,Instant Noodles,FMCG,120,Low,365
SKU-035,Tea 250g,FMCG,30,Low,540
SKU-036,Coffee Powder 200g,FMCG,45,Low,540
SKU-037,Detergent 1kg,FMCG,120,Low,540
SKU-038,Soap,FMCG,60,Low,365
SKU-039,Toothpaste,FMCG,250,Low,540
SKU-040,Namkeen,FMCG,450,Low,540
SKU-041,Chocolate Bar,FMCG,450,Low,180
SKU-042,Soft Drink 750ml,FMCG,120,Low,365
