store,date,staff_present,staffing_level,transactions_per_staff
FB-01,2026-09-17,4,5,11.5
FB-01,2026-09-18,5,5,9.4
FB-01,2026-09-19,4,5,12.0
FB-01,2026-09-20,5,5,10.8
FB-01,2026-09-21,5,5,7.8
FB-01,2026-09-22,4,5,10.0
FB-01,2026-09-23,5,5,8.4
FB-01,2026-09-24,5,5,9.8
FB-01,2026-09-25,4,5,11.2
FB-01,2026-09-26,5,5,10.0
FB-01,2026-09-27,5,5,10.0
FB-01,2026-09-28,5,5,10.0
FB-01,2026-09-29,5,5,7.2
FB-01,2026-09-30,5,5,9.2
FB-01,2026-10-01,5,5,9.6
FB-01,2026-10-02,4,5,10.5
FB-01,2026-10-03,5,5,8.8
FB-01,2026-10-04,4,5,13.2
FB-01,2026-10-05,5,5,9.0
FB-01,2026-10-06,5,5,10.6
FB-01,2026-10-07,5,5,8.6
FB-01,2026-10-08,5,5,10.2
FB-01,2026-10-09,5,5,9.0
FB-01,2026-10-10,5,5,9.8
FB-01,2026-10-11,4,5,13.2
FB-01,2026-10-12,5,5,9.6
FB-01,2026-10-13,5,5,10.2
FB-01,2026-10-14,5,5,8.2
FB-01,2026-10-15,5,5,8.2
FB-01,2026-10-16,5,5,9.8
FB-01,2026-10-17,5,5,12.0
FB-01,2026-10-18,5,5,12.0
FB-01,2026-10-19,5,5,8.4
FB-01,2026-10-20,4,5,11.0
FB-01,2026-10-21,5,5,6.0
FB-01,2026-10-22,5,5,8.4
FB-01,2026-10-23,5,5,9.8
FB-01,2026-10-24,5,5,9.4
FB-01,2026-10-25,4,5,13.5
FB-01,2026-10-26,5,5,8.2
FB-01,2026-10-27,5,5,9.2
FB-01,2026-10-28,5,5,10.6
FB-01,2026-10-29,5,5,8.6
FB-01,2026-10-30,5,5,9.0
FB-01,2026-10-31,5,5,10.6
FB-01,2026-11-01,5,5,10.0
FB-01,2026-11-02,5,5,9.8
FB-01,2026-11-03,5,5,8.2
FB-01,2026-11-04,5,5,9.6
FB-01,2026-11-05,5,5,10.6
FB-01,2026-11-06,5,5,9.8
FB-01,2026-11-07,5,5,11.2
FB-01,2026-11-08,5,5,10.8
FB-01,2026-11-09,5,5,9.4
FB-01,2026-11-10,5,5,9.4
FB-01,2026-11-11,4,5,10.2
FB-01,2026-11-12,5,5,11.0
FB-01,2026-11-13,5,5,9.2
FB-01,2026-11-14,5,5,10.8
FB-01,2026-11-15,5,5,10.0
FB-02,2026-09-17,8,8,7.5
FB-02,2026-09-18,8,8,7.6
FB-02,2026-09-19,8,8,9.1
FB-02,2026-09-20,8,8,10.9
FB-02,2026-09-21,8,8,8.1
FB-02,2026-09-22,8,8,8.5
FB-02,2026-09-23,8,8,7.1
FB-02,2026-09-24,8,8,7.4
FB-02,2026-09-25,8,8,7.9
FB-02,2026-09-26,7,8,11.1
FB-02,2026-09-27,8,8,9.5
FB-02,2026-09-28,7,8,9.3
FB-02,2026-09-29,7,8,9.0
FB-02,2026-09-30,8,8,8.9
FB-02,2026-10-01,8,8,8.6
FB-02,2026-10-02,8,8,7.6
FB-02,2026-10-03,8,8,10.6
FB-02,2026-10-04,8,8,8.8
FB-02,2026-10-05,7,8,10.0
FB-02,2026-10-06,8,8,8.4
FB-02,2026-10-07,8,8,6.8
FB-02,2026-10-08,8,8,7.8
FB-02,2026-10-09,7,8,8.1
FB-02,2026-10-10,8,8,9.5
FB-02,2026-10-11,7,8,12.1
FB-02,2026-10-12,8,8,8.1
FB-02,2026-10-13,8,8,9.5
FB-02,2026-10-14,8,8,8.4
FB-02,2026-10-15,8,8,8.6
FB-02,2026-10-16,8,8,9.1
FB-02,2026-10-17,8,8,9.5
FB-02,2026-10-18,8,8,8.8
FB-02,2026-10-19,7,8,8.4
FB-02,2026-10-20,7,8,9.9
FB-02,2026-10-21,8,8,9.1
FB-02,2026-10-22,7,8,9.7
FB-02,2026-10-23,7,8,9.9
FB-02,2026-10-24,8,8,9.8
FB-02,2026-10-25,7,8,9.9
FB-02,2026-10-26,8,8,8.8
FB-02,2026-10-27,8,8,7.0
FB-02,2026-10-28,8,8,8.1
FB-02,2026-10-29,8,8,8.6
FB-02,2026-10-30,8,8,8.6
FB-02,2026-10-31,8,8,8.9
FB-02,2026-11-01,8,8,9.5
FB-02,2026-11-02,7,8,8.4
FB-02,2026-11-03,8,8,7.1
FB-02,2026-11-04,8,8,8.0
FB-02,2026-11-05,8,8,7.1
FB-02,2026-11-06,8,8,8.1
FB-02,2026-11-07,8,8,10.6
FB-02,2026-11-08,7,8,10.4
FB-02,2026-11-09,8,8,8.8
FB-02,2026-11-10,8,8,7.8
FB-02,2026-11-11,8,8,8.2
FB-02,2026-11-12,7,8,9.3
FB-02,2026-11-13,8,8,9.2
FB-02,2026-11-14,8,8,9.4
FB-02,2026-11-15,8,8,9.9
FB-03,2026-09-17,5,5,10.4
FB-03,2026-09-18,5,5,9.2
FB-03,2026-09-19,5,5,8.0
FB-03,2026-09-20,5,5,11.0
FB-03,2026-09-21,5,5,9.2
FB-03,2026-09-22,4,5,11.2
FB-03,2026-09-23,5,5,9.4
FB-03,2026-09-24,5,5,9.6
FB-03,2026-09-25,5,5,10.6
FB-03,2026-09-26,5,5,10.0
FB-03,2026-09-27,5,5,10.6
FB-03,2026-09-28,5,5,9.2
FB-03,2026-09-29,4,5,11.0
FB-03,2026-09-30,5,5,9.2
FB-03,2026-10-01,5,5,9.6
FB-03,2026-10-02,5,5,8.0
FB-03,2026-10-03,5,5,10.8
FB-03,2026-10-04,5,5,9.6
FB-03,2026-10-05,5,5,8.2
FB-03,2026-10-06,5,5,9.6
FB-03,2026-10-07,5,5,8.6
FB-03,2026-10-08,4,5,11.5
FB-03,2026-10-09,5,5,8.0
FB-03,2026-10-10,5,5,10.0
FB-03,2026-10-11,4,5,13.0
FB-03,2026-10-12,4,5,11.2
FB-03,2026-10-13,5,5,9.0
FB-03,2026-10-14,4,5,9.8
FB-03,2026-10-15,5,5,9.0
FB-03,2026-10-16,5,5,8.2
FB-03,2026-10-17,5,5,10.8
FB-03,2026-10-18,5,5,10.4
FB-03,2026-10-19,5,5,10.4
FB-03,2026-10-20,4,5,11.5
FB-03,2026-10-21,5,5,8.6
FB-03,2026-10-22,5,5,7.2
FB-03,2026-10-23,5,5,9.4
FB-03,2026-10-24,5,5,11.0
FB-03,2026-10-25,4,5,13.5
FB-03,2026-10-26,5,5,9.0
FB-03,2026-10-27,5,5,9.0
FB-03,2026-10-28,5,5,9.0
FB-03,2026-10-29,5,5,10.0
FB-03,2026-10-30,5,5,10.0
FB-03,2026-10-31,4,5,13.0
FB-03,2026-11-01,4,5,13.8
FB-03,2026-11-02,5,5,9.0
FB-03,2026-11-03,5,5,8.2
FB-03,2026-11-04,5,5,9.6
FB-03,2026-11-05,5,5,8.6
FB-03,2026-11-06,5,5,9.6
FB-03,2026-11-07,5,5,10.6
FB-03,2026-11-08,5,5,10.0
FB-03,2026-11-09,4,5,11.2
FB-03,2026-11-10,5,5,8.6
FB-03,2026-11-11,4,5,10.5
FB-03,2026-11-12,5,5,8.6
FB-03,2026-11-13,5,5,8.4
FB-03,2026-11-14,5,5,10.6
FB-03,2026-11-15,5,5,10.6
FB-04,2026-09-17,8,8,8.1
FB-04,2026-09-18,8,8,7.0
FB-04,2026-09-19,8,8,9.6
FB-04,2026-09-20,8,8,8.2
FB-04,2026-09-21,8,8,8.1
FB-04,2026-09-22,8,8,9.2
FB-04,2026-09-23,8,8,7.6
FB-04,2026-09-24,8,8,8.9
FB-04,2026-09-25,8,8,8.9
FB-04,2026-09-26,8,8,9.4
FB-04,2026-09-27,8,8,9.5
FB-04,2026-09-28,8,8,7.6
FB-04,2026-09-29,7,8,10.6
FB-04,2026-09-30,7,8,10.1
FB-04,2026-10-01,8,8,8.1
FB-04,2026-10-02,8,8,9.0
FB-04,2026-10-03,8,8,9.1
FB-04,2026-10-04,8,8,8.5
FB-04,2026-10-05,8,8,8.9
FB-04,2026-10-06,8,8,8.6
FB-04,2026-10-07,8,8,9.6
FB-04,2026-10-08,8,8,7.4
FB-04,2026-10-09,8,8,8.2
FB-04,2026-10-10,8,8,9.0
FB-04,2026-10-11,8,8,10.2
FB-04,2026-10-12,7,8,8.4
FB-04,2026-10-13,8,8,7.6
FB-04,2026-10-14,8,8,8.1
FB-04,2026-10-15,8,8,7.6
FB-04,2026-10-16,8,8,7.2
FB-04,2026-10-17,8,8,8.4
FB-04,2026-10-18,8,8,8.9
FB-04,2026-10-19,8,8,7.6
FB-04,2026-10-20,7,8,9.0
FB-04,2026-10-21,8,8,7.9
FB-04,2026-10-22,8,8,8.4
FB-04,2026-10-23,8,8,9.0
FB-04,2026-10-24,8,8,9.8
FB-04,2026-10-25,8,8,8.5
FB-04,2026-10-26,8,8,9.0
FB-04,2026-10-27,7,8,9.7
FB-04,2026-10-28,8,8,8.6
FB-04,2026-10-29,8,8,9.1
FB-04,2026-10-30,8,8,7.6
FB-04,2026-10-31,8,8,9.0
FB-04,2026-11-01,8,8,9.4
FB-04,2026-11-02,8,8,7.9
FB-04,2026-11-03,8,8,8.2
FB-04,2026-11-04,8,8,8.0
FB-04,2026-11-05,7,8,9.6
FB-04,2026-11-06,8,8,8.5
FB-04,2026-11-07,8,8,9.5
FB-04,2026-11-08,8,8,8.4
FB-04,2026-11-09,8,8,7.5
FB-04,2026-11-10,7,8,9.9
FB-04,2026-11-11,8,8,8.1
FB-04,2026-11-12,8,8,7.5
FB-04,2026-11-13,8,8,8.9
FB-04,2026-11-14,8,8,8.9
FB-04,2026-11-15,8,8,7.5
FB-05,2026-09-17,8,8,10.5
FB-05,2026-09-18,8,8,9.1
FB-05,2026-09-19,8,8,9.8
FB-05,2026-09-20,8,8,9.4
FB-05,2026-09-21,8,8,6.9
FB-05,2026-09-22,8,8,7.8
FB-05,2026-09-23,8,8,9.4
FB-05,2026-09-24,8,8,8.2
FB-05,2026-09-25,8,8,7.8
FB-05,2026-09-26,8,8,9.2
FB-05,2026-09-27,8,8,9.4
FB-05,2026-09-28,8,8,9.0
FB-05,2026-09-29,8,8,7.1
FB-05,2026-09-30,8,8,8.5
FB-05,2026-10-01,8,8,7.1
FB-05,2026-10-02,8,8,8.5
FB-05,2026-10-03,7,8,11.7
FB-05,2026-10-04,8,8,9.2
FB-05,2026-10-05,8,8,7.9
FB-05,2026-10-06,8,8,8.2
FB-05,2026-10-07,7,8,9.4
FB-05,2026-10-08,8,8,7.2
FB-05,2026-10-09,8,8,7.8
FB-05,2026-10-10,8,8,9.1
FB-05,2026-10-11,8,8,9.5
FB-05,2026-10-12,8,8,8.6
FB-05,2026-10-13,8,8,6.6
FB-05,2026-10-14,8,8,8.5
FB-05,2026-10-15,8,8,7.9
FB-05,2026-10-16,7,8,9.0
FB-05,2026-10-17,7,8,10.9
FB-05,2026-10-18,8,8,9.2
FB-05,2026-10-19,8,8,7.8
FB-05,2026-10-20,8,8,9.1
FB-05,2026-10-21,8,8,8.8
FB-05,2026-10-22,8,8,8.8
FB-05,2026-10-23,8,8,8.5
FB-05,2026-10-24,8,8,10.0
FB-05,2026-10-25,8,8,9.2
FB-05,2026-10-26,8,8,9.1
FB-05,2026-10-27,8,8,8.8
FB-05,2026-10-28,8,8,8.0
FB-05,2026-10-29,8,8,9.4
FB-05,2026-10-30,8,8,9.1
FB-05,2026-10-31,8,8,9.1
FB-05,2026-11-01,8,8,9.8
FB-05,2026-11-02,8,8,7.1
FB-05,2026-11-03,8,8,8.6
FB-05,2026-11-04,8,8,7.6
FB-05,2026-11-05,8,8,7.1
FB-05,2026-11-06,8,8,7.4
FB-05,2026-11-07,8,8,0.0
FB-05,2026-11-08,8,8,0.0
FB-05,2026-11-09,8,8,7.1
FB-05,2026-11-10,8,8,8.5
FB-05,2026-11-11,8,8,8.2
FB-05,2026-11-12,8,8,7.9
FB-05,2026-11-13,8,8,7.9
FB-05,2026-11-14,8,8,7.6
FB-05,2026-11-15,8,8,9.2
FB-06,2026-09-17,8,8,7.6
FB-06,2026-09-18,8,8,7.6
FB-06,2026-09-19,8,8,9.5
FB-06,2026-09-20,7,8,11.4
FB-06,2026-09-21,7,8,9.6
FB-06,2026-09-22,8,8,7.9
FB-06,2026-09-23,8,8,8.0
FB-06,2026-09-24,7,8,9.3
FB-06,2026-09-25,8,8,8.0
FB-06,2026-09-26,8,8,9.8
FB-06,2026-09-27,8,8,9.6
FB-06,2026-09-28,8,8,7.9
FB-06,2026-09-29,8,8,8.0
FB-06,2026-09-30,7,8,9.0
FB-06,2026-10-01,8,8,7.6
FB-06,2026-10-02,8,8,7.4
FB-06,2026-10-03,8,8,8.4
FB-06,2026-10-04,8,8,10.6
FB-06,2026-10-05,8,8,8.5
FB-06,2026-10-06,8,8,9.0
FB-06,2026-10-07,8,8,8.4
FB-06,2026-10-08,8,8,8.6
FB-06,2026-10-09,8,8,8.5
FB-06,2026-10-10,8,8,9.9
FB-06,2026-10-11,8,8,9.6
FB-06,2026-10-12,8,8,7.5
FB-06,2026-10-13,8,8,8.9
FB-06,2026-10-14,7,8,11.3
FB-06,2026-10-15,7,8,8.4
FB-06,2026-10-16,7,8,8.7
FB-06,2026-10-17,7,8,9.7
FB-06,2026-10-18,8,8,9.1
FB-06,2026-10-19,8,8,7.9
FB-06,2026-10-20,8,8,8.5
FB-06,2026-10-21,8,8,7.9
FB-06,2026-10-22,8,8,7.4
FB-06,2026-10-23,7,8,9.4
FB-06,2026-10-24,8,8,7.6
FB-06,2026-10-25,8,8,10.2
FB-06,2026-10-26,8,8,8.2
FB-06,2026-10-27,8,8,8.1
FB-06,2026-10-28,7,8,9.0
FB-06,2026-10-29,8,8,8.4
FB-06,2026-10-30,8,8,7.9
FB-06,2026-10-31,8,8,8.5
FB-06,2026-11-01,7,8,11.4
FB-06,2026-11-02,7,8,8.6
FB-06,2026-11-03,8,8,8.2
FB-06,2026-11-04,7,8,9.3
FB-06,2026-11-05,8,8,8.2
FB-06,2026-11-06,8,8,6.6
FB-06,2026-11-07,8,8,9.0
FB-06,2026-11-08,8,8,9.0
FB-06,2026-11-09,8,8,6.8
FB-06,2026-11-10,8,8,9.5
FB-06,2026-11-11,8,8,8.1
FB-06,2026-11-12,8,8,7.1
FB-06,2026-11-13,8,8,8.0
FB-06,2026-11-14,8,8,9.4
FB-06,2026-11-15,8,8,8.5
FB-07,2026-09-17,5,5,9.4
FB-07,2026-09-18,5,5,9.4
FB-07,2026-09-19,4,5,12.8
FB-07,2026-09-20,5,5,8.8
FB-07,2026-09-21,5,5,10.4
FB-07,2026-09-22,5,5,9.0
FB-07,2026-09-23,5,5,9.4
FB-07,2026-09-24,5,5,8.0
FB-07,2026-09-25,4,5,10.8
FB-07,2026-09-26,4,5,11.8
FB-07,2026-09-27,5,5,10.0
FB-07,2026-09-28,5,5,7.8
FB-07,2026-09-29,5,5,9.0
FB-07,2026-09-30,4,5,13.2
FB-07,2026-10-01,5,5,7.8
FB-07,2026-10-02,5,5,10.2
FB-07,2026-10-03,5,5,11.6
FB-07,2026-10-04,5,5,10.2
FB-07,2026-10-05,5,5,9.0
FB-07,2026-10-06,5,5,9.0
FB-07,2026-10-07,5,5,10.2
FB-07,2026-10-08,5,5,9.2
FB-07,2026-10-09,5,5,9.8
FB-07,2026-10-10,5,5,10.0
FB-07,2026-10-11,4,5,13.0
FB-07,2026-10-12,5,5,9.0
FB-07,2026-10-13,5,5,8.0
FB-07,2026-10-14,4,5,10.0
FB-07,2026-10-15,5,5,8.4
FB-07,2026-10-16,5,5,10.4
FB-07,2026-10-17,5,5,10.8
FB-07,2026-10-18,4,5,12.0
FB-07,2026-10-19,5,5,9.4
FB-07,2026-10-20,5,5,8.2
FB-07,2026-10-21,5,5,9.2
FB-07,2026-10-22,5,5,10.2
FB-07,2026-10-23,5,5,8.6
FB-07,2026-10-24,5,5,11.0
FB-07,2026-10-25,5,5,11.2
FB-07,2026-10-26,5,5,8.6
FB-07,2026-10-27,5,5,8.0
FB-07,2026-10-28,5,5,9.0
FB-07,2026-10-29,5,5,8.0
FB-07,2026-10-30,5,5,9.2
FB-07,2026-10-31,5,5,10.0
FB-07,2026-11-01,5,5,11.2
FB-07,2026-11-02,5,5,8.8
FB-07,2026-11-03,4,5,10.8
FB-07,2026-11-04,5,5,8.2
FB-07,2026-11-05,5,5,9.0
FB-07,2026-11-06,4,5,11.0
FB-07,2026-11-07,5,5,10.6
FB-07,2026-11-08,5,5,9.0
FB-07,2026-11-09,4,5,11.5
FB-07,2026-11-10,4,5,12.0
FB-07,2026-11-11,5,5,8.0
FB-07,2026-11-12,5,5,9.8
FB-07,2026-11-13,5,5,9.0
FB-07,2026-11-14,5,5,10.6
FB-07,2026-11-15,5,5,11.0
FB-08,2026-09-17,7,8,10.4
FB-08,2026-09-18,8,8,7.0
FB-08,2026-09-19,8,8,9.1
FB-08,2026-09-20,8,8,9.2
FB-08,2026-09-21,8,8,7.5
FB-08,2026-09-22,8,8,8.2
FB-08,2026-09-23,8,8,7.1
FB-08,2026-09-24,7,8,8.3
FB-08,2026-09-25,8,8,8.1
FB-08,2026-09-26,8,8,8.8
FB-08,2026-09-27,8,8,10.1
FB-08,2026-09-28,8,8,8.6
FB-08,2026-09-29,8,8,6.9
FB-08,2026-09-30,7,8,10.1
FB-08,2026-10-01,8,8,7.8
FB-08,2026-10-02,8,8,6.9
FB-08,2026-10-03,8,8,9.8
FB-08,2026-10-04,7,8,10.9
FB-08,2026-10-05,7,8,11.4
FB-08,2026-10-06,8,8,8.4
FB-08,2026-10-07,8,8,8.1
FB-08,2026-10-08,8,8,8.5
FB-08,2026-10-09,8,8,7.6
FB-08,2026-10-10,8,8,10.9
FB-08,2026-10-11,7,8,11.6
FB-08,2026-10-12,7,8,9.1
FB-08,2026-10-13,8,8,7.0
FB-08,2026-10-14,8,8,8.1
FB-08,2026-10-15,8,8,7.9
FB-08,2026-10-16,8,8,8.1
FB-08,2026-10-17,8,8,10.0
FB-08,2026-10-18,8,8,9.5
FB-08,2026-10-19,8,8,7.6
FB-08,2026-10-20,8,8,7.6
FB-08,2026-10-21,8,8,9.6
FB-08,2026-10-22,7,8,10.1
FB-08,2026-10-23,8,8,8.9
FB-08,2026-10-24,8,8,10.6
FB-08,2026-10-25,8,8,8.5
FB-08,2026-10-26,8,8,7.5
FB-08,2026-10-27,8,8,7.6
FB-08,2026-10-28,8,8,7.2
FB-08,2026-10-29,8,8,7.5
FB-08,2026-10-30,8,8,8.6
FB-08,2026-10-31,8,8,10.0
FB-08,2026-11-01,8,8,10.0
FB-08,2026-11-02,8,8,7.1
FB-08,2026-11-03,8,8,6.9
FB-08,2026-11-04,8,8,8.9
FB-08,2026-11-05,8,8,7.5
FB-08,2026-11-06,8,8,8.9
FB-08,2026-11-07,7,8,11.0
FB-08,2026-11-08,8,8,10.0
FB-08,2026-11-09,8,8,7.0
FB-08,2026-11-10,8,8,8.2
FB-08,2026-11-11,7,8,9.0
FB-08,2026-11-12,8,8,8.0
FB-08,2026-11-13,8,8,8.8
FB-08,2026-11-14,8,8,10.5
FB-08,2026-11-15,8,8,10.0
FB-09,2026-09-17,5,5,8.2
FB-09,2026-09-18,5,5,8.6
FB-09,2026-09-19,5,5,10.6
FB-09,2026-09-20,5,5,10.8
FB-09,2026-09-21,4,5,13.0
FB-09,2026-09-22,5,5,8.6
FB-09,2026-09-23,5,5,8.0
FB-09,2026-09-24,5,5,7.6
FB-09,2026-09-25,5,5,9.4
FB-09,2026-09-26,5,5,9.2
FB-09,2026-09-27,4,5,11.8
FB-09,2026-09-28,5,5,9.2
FB-09,2026-09-29,5,5,9.8
FB-09,2026-09-30,4,5,10.8
FB-09,2026-10-01,5,5,8.6
FB-09,2026-10-02,5,5,9.4
FB-09,2026-10-03,5,5,11.6
FB-09,2026-10-04,5,5,10.6
FB-09,2026-10-05,5,5,9.8
FB-09,2026-10-06,5,5,8.4
FB-09,2026-10-07,5,5,9.8
FB-09,2026-10-08,5,5,10.0
FB-09,2026-10-09,5,5,9.0
FB-09,2026-10-10,4,5,12.5
FB-09,2026-10-11,5,5,10.0
FB-09,2026-10-12,5,5,9.0
FB-09,2026-10-13,5,5,8.6
FB-09,2026-10-14,5,5,9.2
FB-09,2026-10-15,5,5,9.8
FB-09,2026-10-16,5,5,9.2
FB-09,2026-10-17,5,5,10.2
FB-09,2026-10-18,5,5,11.0
FB-09,2026-10-19,5,5,9.4
FB-09,2026-10-20,5,5,9.4
FB-09,2026-10-21,5,5,7.6
FB-09,2026-10-22,4,5,10.2
FB-09,2026-10-23,5,5,11.4
FB-09,2026-10-24,5,5,9.4
FB-09,2026-10-25,5,5,9.6
FB-09,2026-10-26,5,5,8.6
FB-09,2026-10-27,4,5,11.0
FB-09,2026-10-28,4,5,11.8
FB-09,2026-10-29,5,5,8.8
FB-09,2026-10-30,4,5,9.2
FB-09,2026-10-31,5,5,10.6
FB-09,2026-11-01,5,5,11.2
FB-09,2026-11-02,5,5,7.6
FB-09,2026-11-03,4,5,11.2
FB-09,2026-11-04,5,5,8.4
FB-09,2026-11-05,5,5,7.8
FB-09,2026-11-06,5,5,8.8
FB-09,2026-11-07,4,5,15.8
FB-09,2026-11-08,5,5,10.0
FB-09,2026-11-09,5,5,9.6
FB-09,2026-11-10,5,5,10.0
FB-09,2026-11-11,5,5,8.6
FB-09,2026-11-12,5,5,10.4
FB-09,2026-11-13,5,5,9.4
FB-09,2026-11-14,5,5,10.6
FB-09,2026-11-15,5,5,9.6
FB-10,2026-09-17,5,5,8.6
FB-10,2026-09-18,5,5,8.4
FB-10,2026-09-19,5,5,10.2
FB-10,2026-09-20,5,5,10.4
FB-10,2026-09-21,5,5,8.4
FB-10,2026-09-22,5,5,9.2
FB-10,2026-09-23,5,5,9.0
FB-10,2026-09-24,5,5,10.2
FB-10,2026-09-25,5,5,8.8
FB-10,2026-09-26,5,5,9.6
FB-10,2026-09-27,5,5,10.6
FB-10,2026-09-28,5,5,8.6
FB-10,2026-09-29,4,5,11.0
FB-10,2026-09-30,5,5,7.8
FB-10,2026-10-01,5,5,8.4
FB-10,2026-10-02,5,5,9.2
FB-10,2026-10-03,5,5,9.4
FB-10,2026-10-04,5,5,12.0
FB-10,2026-10-05,5,5,8.4
FB-10,2026-10-06,5,5,8.8
FB-10,2026-10-07,5,5,8.6
FB-10,2026-10-08,5,5,8.8
FB-10,2026-10-09,5,5,9.4
FB-10,2026-10-10,5,5,10.8
FB-10,2026-10-11,5,5,10.4
FB-10,2026-10-12,5,5,8.4
FB-10,2026-10-13,5,5,8.2
FB-10,2026-10-14,5,5,8.8
FB-10,2026-10-15,5,5,9.8
FB-10,2026-10-16,5,5,10.2
FB-10,2026-10-17,5,5,10.2
FB-10,2026-10-18,5,5,9.2
FB-10,2026-10-19,5,5,9.2
FB-10,2026-10-20,5,5,8.4
FB-10,2026-10-21,5,5,8.2
FB-10,2026-10-22,5,5,8.2
FB-10,2026-10-23,5,5,9.0
FB-10,2026-10-24,5,5,11.4
FB-10,2026-10-25,5,5,10.6
FB-10,2026-10-26,5,5,8.6
FB-10,2026-10-27,5,5,10.0
FB-10,2026-10-28,4,5,9.0
FB-10,2026-10-29,5,5,9.6
FB-10,2026-10-30,5,5,9.2
FB-10,2026-10-31,5,5,8.4
FB-10,2026-11-01,4,5,12.0
FB-10,2026-11-02,5,5,7.0
FB-10,2026-11-03,5,5,10.2
FB-10,2026-11-04,5,5,10.0
FB-10,2026-11-05,5,5,10.4
FB-10,2026-11-06,5,5,9.8
FB-10,2026-11-07,5,5,9.6
FB-10,2026-11-08,5,5,10.6
FB-10,2026-11-09,5,5,7.8
FB-10,2026-11-10,5,5,8.2
FB-10,2026-11-11,5,5,8.2
FB-10,2026-11-12,5,5,9.2
FB-10,2026-11-13,5,5,9.4
FB-10,2026-11-14,4,5,14.0
FB-10,2026-11-15,5,5,11.0
FB-11,2026-09-17,5,5,9.2
FB-11,2026-09-18,5,5,10.0
FB-11,2026-09-19,5,5,10.6
FB-11,2026-09-20,5,5,9.6
FB-11,2026-09-21,5,5,8.6
FB-11,2026-09-22,5,5,8.6
FB-11,2026-09-23,5,5,9.2
FB-11,2026-09-24,4,5,11.5
FB-11,2026-09-25,5,5,8.6
FB-11,2026-09-26,5,5,9.2
FB-11,2026-09-27,4,5,16.8
FB-11,2026-09-28,5,5,9.2
FB-11,2026-09-29,5,5,10.4
FB-11,2026-09-30,5,5,7.6
FB-11,2026-10-01,5,5,9.2
FB-11,2026-10-02,5,5,7.4
FB-11,2026-10-03,5,5,9.2
FB-11,2026-10-04,5,5,10.2
FB-11,2026-10-05,4,5,11.5
FB-11,2026-10-06,5,5,10.0
FB-11,2026-10-07,4,5,12.2
FB-11,2026-10-08,5,5,9.4
FB-11,2026-10-09,5,5,9.4
FB-11,2026-10-10,4,5,11.8
FB-11,2026-10-11,5,5,12.6
FB-11,2026-10-12,5,5,8.6
FB-11,2026-10-13,5,5,8.6
FB-11,2026-10-14,5,5,9.6
FB-11,2026-10-15,5,5,7.6
FB-11,2026-10-16,5,5,9.8
FB-11,2026-10-17,5,5,11.6
FB-11,2026-10-18,5,5,10.0
FB-11,2026-10-19,5,5,9.0
FB-11,2026-10-20,5,5,10.0
FB-11,2026-10-21,5,5,9.0
FB-11,2026-10-22,5,5,8.6
FB-11,2026-10-23,5,5,9.2
FB-11,2026-10-24,5,5,9.2
FB-11,2026-10-25,5,5,11.2
FB-11,2026-10-26,5,5,9.2
FB-11,2026-10-27,4,5,12.2
FB-11,2026-10-28,4,5,13.2
FB-11,2026-10-29,5,5,11.0
FB-11,2026-10-30,5,5,9.6
FB-11,2026-10-31,5,5,8.2
FB-11,2026-11-01,5,5,11.4
FB-11,2026-11-02,5,5,8.6
FB-11,2026-11-03,5,5,9.6
FB-11,2026-11-04,5,5,7.6
FB-11,2026-11-05,5,5,7.2
FB-11,2026-11-06,5,5,10.2
FB-11,2026-11-07,4,5,11.8
FB-11,2026-11-08,5,5,10.2
FB-11,2026-11-09,5,5,7.6
FB-11,2026-11-10,5,5,7.6
FB-11,2026-11-11,5,5,10.0
FB-11,2026-11-12,5,5,10.2
FB-11,2026-11-13,5,5,8.4
FB-11,2026-11-14,4,5,13.8
FB-11,2026-11-15,5,5,10.4
FB-12,2026-09-17,12,12,7.9
FB-12,2026-09-18,12,12,7.7
FB-12,2026-09-19,12,12,9.2
FB-12,2026-09-20,12,12,9.6
FB-12,2026-09-21,12,12,7.8
FB-12,2026-09-22,12,12,8.9
FB-12,2026-09-23,11,12,8.6
FB-12,2026-09-24,12,12,8.0
FB-12,2026-09-25,12,12,7.8
FB-12,2026-09-26,12,12,9.4
FB-12,2026-09-27,12,12,9.6
FB-12,2026-09-28,12,12,9.1
FB-12,2026-09-29,12,12,8.0
FB-12,2026-09-30,11,12,8.9
FB-12,2026-10-01,12,12,8.1
FB-12,2026-10-02,11,12,8.6
FB-12,2026-10-03,12,12,9.0
FB-12,2026-10-04,12,12,9.2
FB-12,2026-10-05,12,12,8.0
FB-12,2026-10-06,12,12,8.4
FB-12,2026-10-07,12,12,7.4
FB-12,2026-10-08,12,12,8.2
FB-12,2026-10-09,11,12,9.1
FB-12,2026-10-10,12,12,9.2
FB-12,2026-10-11,12,12,8.9
FB-12,2026-10-12,12,12,8.5
FB-12,2026-10-13,12,12,9.5
FB-12,2026-10-14,11,12,8.3
FB-12,2026-10-15,12,12,8.5
FB-12,2026-10-16,12,12,7.7
FB-12,2026-10-17,12,12,9.2
FB-12,2026-10-18,12,12,8.5
FB-12,2026-10-19,12,12,8.0
FB-12,2026-10-20,12,12,8.0
FB-12,2026-10-21,12,12,8.4
FB-12,2026-10-22,12,12,8.0
FB-12,2026-10-23,12,12,7.8
FB-12,2026-10-24,12,12,8.2
FB-12,2026-10-25,12,12,9.7
FB-12,2026-10-26,12,12,8.3
FB-12,2026-10-27,12,12,8.4
FB-12,2026-10-28,12,12,8.0
FB-12,2026-10-29,12,12,7.8
FB-12,2026-10-30,12,12,7.7
FB-12,2026-10-31,12,12,8.8
FB-12,2026-11-01,12,12,8.8
FB-12,2026-11-02,12,12,7.6
FB-12,2026-11-03,12,12,8.4
FB-12,2026-11-04,12,12,8.1
FB-12,2026-11-05,12,12,7.7
FB-12,2026-11-06,7,12,12.9
FB-12,2026-11-07,7,12,13.7
FB-12,2026-11-08,7,12,14.3
FB-12,2026-11-09,7,12,10.9
FB-12,2026-11-10,7,12,12.6
FB-12,2026-11-11,7,12,14.0
FB-12,2026-11-12,7,12,12.9
FB-12,2026-11-13,7,12,12.0
FB-12,2026-11-14,7,12,14.3
FB-12,2026-11-15,7,12,13.3
FB-13,2026-09-17,12,12,7.7
FB-13,2026-09-18,12,12,8.4
FB-13,2026-09-19,12,12,9.1
FB-13,2026-09-20,12,12,9.2
FB-13,2026-09-21,12,12,9.0
FB-13,2026-09-22,12,12,9.1
FB-13,2026-09-23,11,12,8.5
FB-13,2026-09-24,12,12,8.2
FB-13,2026-09-25,12,12,7.8
FB-13,2026-09-26,12,12,9.8
FB-13,2026-09-27,12,12,9.9
FB-13,2026-09-28,12,12,7.4
FB-13,2026-09-29,11,12,9.0
FB-13,2026-09-30,11,12,8.9
FB-13,2026-10-01,12,12,8.4
FB-13,2026-10-02,12,12,8.2
FB-13,2026-10-03,12,12,9.2
FB-13,2026-10-04,12,12,9.3
FB-13,2026-10-05,11,12,9.0
FB-13,2026-10-06,12,12,8.0
FB-13,2026-10-07,11,12,8.2
FB-13,2026-10-08,12,12,8.6
FB-13,2026-10-09,12,12,8.3
FB-13,2026-10-10,12,12,9.2
FB-13,2026-10-11,11,12,10.5
FB-13,2026-10-12,12,12,8.2
FB-13,2026-10-13,12,12,9.6
FB-13,2026-10-14,12,12,7.8
FB-13,2026-10-15,12,12,8.2
FB-13,2026-10-16,12,12,8.2
FB-13,2026-10-17,12,12,9.7
FB-13,2026-10-18,11,12,10.5
FB-13,2026-10-19,12,12,8.8
FB-13,2026-10-20,12,12,8.8
FB-13,2026-10-21,12,12,8.2
FB-13,2026-10-22,12,12,8.8
FB-13,2026-10-23,12,12,8.5
FB-13,2026-10-24,12,12,9.2
FB-13,2026-10-25,11,12,10.5
FB-13,2026-10-26,12,12,8.8
FB-13,2026-10-27,12,12,7.8
FB-13,2026-10-28,12,12,9.2
FB-13,2026-10-29,11,12,9.5
FB-13,2026-10-30,12,12,8.9
FB-13,2026-10-31,12,12,9.4
FB-13,2026-11-01,12,12,10.3
FB-13,2026-11-02,12,12,7.9
FB-13,2026-11-03,12,12,8.3
FB-13,2026-11-04,12,12,7.8
FB-13,2026-11-05,12,12,8.6
FB-13,2026-11-06,12,12,8.2
FB-13,2026-11-07,12,12,8.9
FB-13,2026-11-08,12,12,9.6
FB-13,2026-11-09,12,12,7.3
FB-13,2026-11-10,12,12,8.2
FB-13,2026-11-11,12,12,7.5
FB-13,2026-11-12,12,12,8.2
FB-13,2026-11-13,12,12,7.6
FB-13,2026-11-14,12,12,9.6
FB-13,2026-11-15,12,12,8.4
FB-14,2026-09-17,8,8,8.0
FB-14,2026-09-18,7,8,9.3
FB-14,2026-09-19,8,8,10.1
FB-14,2026-09-20,7,8,10.4
FB-14,2026-09-21,8,8,8.5
FB-14,2026-09-22,8,8,7.5
FB-14,2026-09-23,8,8,7.4
FB-14,2026-09-24,7,8,8.1
FB-14,2026-09-25,8,8,7.9
FB-14,2026-09-26,8,8,8.8
FB-14,2026-09-27,8,8,9.8
FB-14,2026-09-28,8,8,7.5
FB-14,2026-09-29,7,8,9.7
FB-14,2026-09-30,8,8,7.0
FB-14,2026-10-01,8,8,8.5
FB-14,2026-10-02,8,8,8.1
FB-14,2026-10-03,8,8,9.6
FB-14,2026-10-04,8,8,9.9
FB-14,2026-10-05,8,8,8.1
FB-14,2026-10-06,7,8,8.4
FB-14,2026-10-07,8,8,7.9
FB-14,2026-10-08,8,8,8.2
FB-14,2026-10-09,8,8,8.9
FB-14,2026-10-10,8,8,8.8
FB-14,2026-10-11,8,8,9.5
FB-14,2026-10-12,8,8,8.1
FB-14,2026-10-13,8,8,7.9
FB-14,2026-10-14,8,8,8.6
FB-14,2026-10-15,8,8,8.0
FB-14,2026-10-16,8,8,7.8
FB-14,2026-10-17,8,8,10.0
FB-14,2026-10-18,8,8,9.8
FB-14,2026-10-19,8,8,7.0
FB-14,2026-10-20,7,8,10.3
FB-14,2026-10-21,8,8,7.9
FB-14,2026-10-22,8,8,8.8
FB-14,2026-10-23,8,8,8.4
FB-14,2026-10-24,8,8,10.1
FB-14,2026-10-25,8,8,10.6
FB-14,2026-10-26,8,8,8.1
FB-14,2026-10-27,8,8,8.9
FB-14,2026-10-28,8,8,8.2
FB-14,2026-10-29,8,8,8.5
FB-14,2026-10-30,8,8,8.0
FB-14,2026-10-31,8,8,8.6
FB-14,2026-11-01,8,8,9.5
FB-14,2026-11-02,8,8,8.1
FB-14,2026-11-03,8,8,8.9
FB-14,2026-11-04,7,8,9.4
FB-14,2026-11-05,8,8,7.8
FB-14,2026-11-06,8,8,8.8
FB-14,2026-11-07,8,8,8.9
FB-14,2026-11-08,8,8,8.8
FB-14,2026-11-09,8,8,8.4
FB-14,2026-11-10,8,8,8.6
FB-14,2026-11-11,8,8,8.6
FB-14,2026-11-12,8,8,7.6
FB-14,2026-11-13,8,8,8.1
FB-14,2026-11-14,7,8,10.3
FB-14,2026-11-15,7,8,9.1
FB-15,2026-09-17,4,5,12.5
FB-15,2026-09-18,5,5,9.2
FB-15,2026-09-19,5,5,9.8
FB-15,2026-09-20,5,5,12.6
FB-15,2026-09-21,5,5,8.4
FB-15,2026-09-22,5,5,8.6
FB-15,2026-09-23,5,5,8.6
FB-15,2026-09-24,4,5,10.0
FB-15,2026-09-25,5,5,8.8
FB-15,2026-09-26,5,5,9.6
FB-15,2026-09-27,4,5,11.8
FB-15,2026-09-28,5,5,9.0
FB-15,2026-09-29,5,5,9.0
FB-15,2026-09-30,5,5,8.4
FB-15,2026-10-01,5,5,9.2
FB-15,2026-10-02,5,5,9.0
FB-15,2026-10-03,4,5,14.2
FB-15,2026-10-04,5,5,9.4
FB-15,2026-10-05,5,5,9.4
FB-15,2026-10-06,4,5,11.2
FB-15,2026-10-07,5,5,8.4
FB-15,2026-10-08,4,5,10.2
FB-15,2026-10-09,4,5,10.0
FB-15,2026-10-10,5,5,9.0
FB-15,2026-10-11,5,5,9.2
FB-15,2026-10-12,5,5,8.8
FB-15,2026-10-13,4,5,11.0
FB-15,2026-10-14,5,5,9.0
FB-15,2026-10-15,5,5,9.2
FB-15,2026-10-16,5,5,9.0
FB-15,2026-10-17,4,5,12.8
FB-15,2026-10-18,5,5,10.2
FB-15,2026-10-19,5,5,7.8
FB-15,2026-10-20,4,5,11.8
FB-15,2026-10-21,5,5,7.8
FB-15,2026-10-22,5,5,11.4
FB-15,2026-10-23,5,5,9.2
FB-15,2026-10-24,4,5,13.5
FB-15,2026-10-25,5,5,10.0
FB-15,2026-10-26,5,5,8.6
FB-15,2026-10-27,5,5,8.6
FB-15,2026-10-28,5,5,8.2
FB-15,2026-10-29,5,5,8.6
FB-15,2026-10-30,5,5,9.6
FB-15,2026-10-31,5,5,11.0
FB-15,2026-11-01,5,5,11.6
FB-15,2026-11-02,5,5,9.4
FB-15,2026-11-03,4,5,11.8
FB-15,2026-11-04,5,5,8.4
FB-15,2026-11-05,5,5,10.2
FB-15,2026-11-06,5,5,8.0
FB-15,2026-11-07,5,5,10.4
FB-15,2026-11-08,5,5,10.0
FB-15,2026-11-09,5,5,7.4
FB-15,2026-11-10,5,5,9.2
FB-15,2026-11-11,5,5,9.4
FB-15,2026-11-12,5,5,9.0
FB-15,2026-11-13,5,5,9.2
FB-15,2026-11-14,5,5,9.6
FB-15,2026-11-15,5,5,10.4
FB-16,2026-09-17,8,8,7.8
FB-16,2026-09-18,8,8,8.0
FB-16,2026-09-19,8,8,8.8
FB-16,2026-09-20,8,8,9.1
FB-16,2026-09-21,7,8,9.4
FB-16,2026-09-22,8,8,7.4
FB-16,2026-09-23,8,8,7.6
FB-16,2026-09-24,8,8,7.9
FB-16,2026-09-25,8,8,7.1
FB-16,2026-09-26,8,8,9.9
FB-16,2026-09-27,8,8,8.9
FB-16,2026-09-28,8,8,8.5
FB-16,2026-09-29,8,8,8.6
FB-16,2026-09-30,8,8,8.1
FB-16,2026-10-01,8,8,9.8
FB-16,2026-10-02,7,8,10.0
FB-16,2026-10-03,7,8,10.4
FB-16,2026-10-04,7,8,9.4
FB-16,2026-10-05,8,8,8.6
FB-16,2026-10-06,8,8,9.8
FB-16,2026-10-07,7,8,9.6
FB-16,2026-10-08,8,8,7.6
FB-16,2026-10-09,8,8,8.5
FB-16,2026-10-10,8,8,10.1
FB-16,2026-10-11,7,8,10.7
FB-16,2026-10-12,8,8,6.2
FB-16,2026-10-13,8,8,8.1
FB-16,2026-10-14,8,8,7.8
FB-16,2026-10-15,8,8,7.0
FB-16,2026-10-16,8,8,7.9
FB-16,2026-10-17,8,8,9.1
FB-16,2026-10-18,8,8,9.2
FB-16,2026-10-19,8,8,8.2
FB-16,2026-10-20,7,8,7.9
FB-16,2026-10-21,8,8,8.9
FB-16,2026-10-22,8,8,6.6
FB-16,2026-10-23,8,8,8.9
FB-16,2026-10-24,8,8,10.0
FB-16,2026-10-25,8,8,9.4
FB-16,2026-10-26,7,8,8.9
FB-16,2026-10-27,8,8,8.1
FB-16,2026-10-28,8,8,8.1
FB-16,2026-10-29,8,8,8.1
FB-16,2026-10-30,7,8,9.1
FB-16,2026-10-31,8,8,9.1
FB-16,2026-11-01,8,8,9.2
FB-16,2026-11-02,7,8,9.0
FB-16,2026-11-03,8,8,8.6
FB-16,2026-11-04,8,8,9.0
FB-16,2026-11-05,8,8,7.8
FB-16,2026-11-06,8,8,7.9
FB-16,2026-11-07,7,8,11.6
FB-16,2026-11-08,8,8,8.6
FB-16,2026-11-09,8,8,8.5
FB-16,2026-11-10,8,8,7.8
FB-16,2026-11-11,8,8,7.9
FB-16,2026-11-12,8,8,8.9
FB-16,2026-11-13,8,8,7.6
FB-16,2026-11-14,8,8,9.5
FB-16,2026-11-15,8,8,8.9
FB-17,2026-09-17,8,8,6.4
FB-17,2026-09-18,8,8,8.1
FB-17,2026-09-19,7,8,11.0
FB-17,2026-09-20,8,8,9.6
FB-17,2026-09-21,8,8,8.4
FB-17,2026-09-22,8,8,7.5
FB-17,2026-09-23,7,8,9.1
FB-17,2026-09-24,7,8,9.1
FB-17,2026-09-25,8,8,7.4
FB-17,2026-09-26,8,8,9.4
FB-17,2026-09-27,8,8,9.1
FB-17,2026-09-28,7,8,9.3
FB-17,2026-09-29,7,8,9.4
FB-17,2026-09-30,8,8,7.9
FB-17,2026-10-01,8,8,8.1
FB-17,2026-10-02,8,8,7.5
FB-17,2026-10-03,7,8,11.9
FB-17,2026-10-04,8,8,8.6
FB-17,2026-10-05,8,8,7.8
FB-17,2026-10-06,8,8,7.9
FB-17,2026-10-07,8,8,7.5
FB-17,2026-10-08,8,8,8.8
FB-17,2026-10-09,7,8,9.4
FB-17,2026-10-10,8,8,9.1
FB-17,2026-10-11,8,8,9.2
FB-17,2026-10-12,7,8,9.4
FB-17,2026-10-13,8,8,8.4
FB-17,2026-10-14,7,8,9.9
FB-17,2026-10-15,7,8,9.0
FB-17,2026-10-16,8,8,7.9
FB-17,2026-10-17,7,8,10.0
FB-17,2026-10-18,8,8,9.2
FB-17,2026-10-19,8,8,8.2
FB-17,2026-10-20,8,8,8.0
FB-17,2026-10-21,8,8,9.1
FB-17,2026-10-22,8,8,8.1
FB-17,2026-10-23,7,8,10.7
FB-17,2026-10-24,8,8,8.9
FB-17,2026-10-25,8,8,8.8
FB-17,2026-10-26,8,8,8.4
FB-17,2026-10-27,7,8,9.6
FB-17,2026-10-28,8,8,8.4
FB-17,2026-10-29,8,8,7.8
FB-17,2026-10-30,8,8,8.8
FB-17,2026-10-31,8,8,9.8
FB-17,2026-11-01,8,8,10.0
FB-17,2026-11-02,7,8,8.3
FB-17,2026-11-03,8,8,7.5
FB-17,2026-11-04,8,8,7.5
FB-17,2026-11-05,7,8,8.0
FB-17,2026-11-06,7,8,8.3
FB-17,2026-11-07,8,8,7.5
FB-17,2026-11-08,8,8,7.2
FB-17,2026-11-09,8,8,7.0
FB-17,2026-11-10,8,8,6.9
FB-17,2026-11-11,8,8,7.5
FB-17,2026-11-12,7,8,8.6
FB-17,2026-11-13,8,8,7.5
FB-17,2026-11-14,7,8,7.9
FB-17,2026-11-15,8,8,7.1
FB-18,2026-09-17,5,5,8.8
FB-18,2026-09-18,5,5,8.6
FB-18,2026-09-19,5,5,11.2
FB-18,2026-09-20,5,5,11.0
FB-18,2026-09-21,4,5,10.8
FB-18,2026-09-22,4,5,11.0
FB-18,2026-09-23,5,5,8.8
FB-18,2026-09-24,5,5,8.4
FB-18,2026-09-25,5,5,9.2
FB-18,2026-09-26,5,5,10.8
FB-18,2026-09-27,4,5,12.5
FB-18,2026-09-28,5,5,10.0
FB-18,2026-09-29,5,5,9.2
FB-18,2026-09-30,5,5,9.0
FB-18,2026-10-01,5,5,10.2
FB-18,2026-10-02,5,5,9.0
FB-18,2026-10-03,5,5,9.8
FB-18,2026-10-04,5,5,10.6
FB-18,2026-10-05,5,5,9.0
FB-18,2026-10-06,5,5,9.6
FB-18,2026-10-07,5,5,9.6
FB-18,2026-10-08,5,5,9.6
FB-18,2026-10-09,5,5,8.8
FB-18,2026-10-10,5,5,11.4
FB-18,2026-10-11,5,5,11.2
FB-18,2026-10-12,4,5,11.8
FB-18,2026-10-13,4,5,9.5
FB-18,2026-10-14,5,5,7.8
FB-18,2026-10-15,5,5,9.2
FB-18,2026-10-16,4,5,9.2
FB-18,2026-10-17,5,5,10.4
FB-18,2026-10-18,5,5,8.6
FB-18,2026-10-19,4,5,11.0
FB-18,2026-10-20,5,5,8.2
FB-18,2026-10-21,5,5,8.4
FB-18,2026-10-22,5,5,10.6
FB-18,2026-10-23,5,5,10.0
FB-18,2026-10-24,5,5,10.2
FB-18,2026-10-25,5,5,11.2
FB-18,2026-10-26,5,5,9.2
FB-18,2026-10-27,5,5,10.4
FB-18,2026-10-28,5,5,8.4
FB-18,2026-10-29,5,5,10.0
FB-18,2026-10-30,5,5,7.8
FB-18,2026-10-31,5,5,10.0
FB-18,2026-11-01,5,5,9.6
FB-18,2026-11-02,5,5,9.4
FB-18,2026-11-03,5,5,8.4
FB-18,2026-11-04,5,5,10.4
FB-18,2026-11-05,5,5,7.6
FB-18,2026-11-06,5,5,6.6
FB-18,2026-11-07,5,5,11.6
FB-18,2026-11-08,5,5,10.8
FB-18,2026-11-09,5,5,10.0
FB-18,2026-11-10,5,5,9.2
FB-18,2026-11-11,5,5,9.2
FB-18,2026-11-12,5,5,9.2
FB-18,2026-11-13,4,5,10.5
FB-18,2026-11-14,5,5,9.6
FB-18,2026-11-15,5,5,12.0
FB-19,2026-09-17,8,8,8.0
FB-19,2026-09-18,8,8,8.2
FB-19,2026-09-19,8,8,10.5
FB-19,2026-09-20,8,8,9.4
FB-19,2026-09-21,7,8,9.4
FB-19,2026-09-22,8,8,8.8
FB-19,2026-09-23,8,8,7.0
FB-19,2026-09-24,8,8,8.2
FB-19,2026-09-25,8,8,8.0
FB-19,2026-09-26,8,8,9.8
FB-19,2026-09-27,8,8,8.0
FB-19,2026-09-28,8,8,7.8
FB-19,2026-09-29,8,8,7.4
FB-19,2026-09-30,8,8,7.9
FB-19,2026-10-01,7,8,10.3
FB-19,2026-10-02,8,8,8.6
FB-19,2026-10-03,8,8,9.5
FB-19,2026-10-04,8,8,9.1
FB-19,2026-10-05,8,8,8.2
FB-19,2026-10-06,8,8,7.8
FB-19,2026-10-07,8,8,8.9
FB-19,2026-10-08,7,8,7.6
FB-19,2026-10-09,8,8,7.9
FB-19,2026-10-10,8,8,10.2
FB-19,2026-10-11,8,8,8.9
FB-19,2026-10-12,8,8,9.0
FB-19,2026-10-13,8,8,8.0
FB-19,2026-10-14,8,8,8.8
FB-19,2026-10-15,8,8,8.1
FB-19,2026-10-16,8,8,7.1
FB-19,2026-10-17,7,8,11.4
FB-19,2026-10-18,8,8,8.2
FB-19,2026-10-19,8,8,8.2
FB-19,2026-10-20,8,8,7.9
FB-19,2026-10-21,8,8,6.9
FB-19,2026-10-22,8,8,8.9
FB-19,2026-10-23,8,8,7.4
FB-19,2026-10-24,8,8,8.2
FB-19,2026-10-25,8,8,10.8
FB-19,2026-10-26,8,8,7.9
FB-19,2026-10-27,8,8,8.1
FB-19,2026-10-28,8,8,9.5
FB-19,2026-10-29,8,8,7.6
FB-19,2026-10-30,8,8,7.9
FB-19,2026-10-31,7,8,10.7
FB-19,2026-11-01,8,8,9.4
FB-19,2026-11-02,8,8,8.1
FB-19,2026-11-03,8,8,7.6
FB-19,2026-11-04,8,8,8.5
FB-19,2026-11-05,8,8,8.5
FB-19,2026-11-06,8,8,8.2
FB-19,2026-11-07,8,8,8.8
FB-19,2026-11-08,8,8,9.4
FB-19,2026-11-09,8,8,7.5
FB-19,2026-11-10,8,8,8.9
FB-19,2026-11-11,8,8,7.8
FB-19,2026-11-12,8,8,8.0
FB-19,2026-11-13,8,8,9.1
FB-19,2026-11-14,8,8,9.1
FB-19,2026-11-15,8,8,9.2
FB-20,2026-09-17,8,8,7.6
FB-20,2026-09-18,8,8,7.9
FB-20,2026-09-19,8,8,8.4
FB-20,2026-09-20,8,8,8.6
FB-20,2026-09-21,8,8,8.5
FB-20,2026-09-22,8,8,8.4
FB-20,2026-09-23,8,8,8.4
FB-20,2026-09-24,8,8,8.2
FB-20,2026-09-25,8,8,7.5
FB-20,2026-09-26,8,8,9.1
FB-20,2026-09-27,8,8,8.8
FB-20,2026-09-28,8,8,6.6
FB-20,2026-09-29,8,8,7.2
FB-20,2026-09-30,8,8,8.1
FB-20,2026-10-01,8,8,7.5
FB-20,2026-10-02,8,8,8.8
FB-20,2026-10-03,8,8,8.9
FB-20,2026-10-04,8,8,8.8
FB-20,2026-10-05,8,8,8.6
FB-20,2026-10-06,7,8,9.6
FB-20,2026-10-07,8,8,8.4
FB-20,2026-10-08,7,8,10.0
FB-20,2026-10-09,8,8,7.9
FB-20,2026-10-10,8,8,8.9
FB-20,2026-10-11,7,8,9.3
FB-20,2026-10-12,8,8,7.6
FB-20,2026-10-13,8,8,9.1
FB-20,2026-10-14,8,8,7.6
FB-20,2026-10-15,8,8,7.6
FB-20,2026-10-16,8,8,7.6
FB-20,2026-10-17,8,8,9.5
FB-20,2026-10-18,7,8,10.9
FB-20,2026-10-19,7,8,9.9
FB-20,2026-10-20,8,8,7.5
FB-20,2026-10-21,8,8,9.8
FB-20,2026-10-22,8,8,7.9
FB-20,2026-10-23,8,8,7.8
FB-20,2026-10-24,8,8,8.2
FB-20,2026-10-25,8,8,9.6
FB-20,2026-10-26,8,8,7.6
FB-20,2026-10-27,8,8,7.0
FB-20,2026-10-28,7,8,7.1
FB-20,2026-10-29,8,8,7.9
FB-20,2026-10-30,8,8,8.2
FB-20,2026-10-31,8,8,10.2
FB-20,2026-11-01,8,8,9.4
FB-20,2026-11-02,8,8,8.5
FB-20,2026-11-03,8,8,8.9
FB-20,2026-11-04,8,8,8.6
FB-20,2026-11-05,7,8,10.7
FB-20,2026-11-06,8,8,9.1
FB-20,2026-11-07,7,8,11.9
FB-20,2026-11-08,8,8,8.2
FB-20,2026-11-09,8,8,7.5
FB-20,2026-11-10,8,8,7.2
FB-20,2026-11-11,8,8,6.4
FB-20,2026-11-12,7,8,9.1
FB-20,2026-11-13,7,8,8.4
FB-20,2026-11-14,8,8,9.5
FB-20,2026-11-15,7,8,10.4
FB-21,2026-09-17,8,8,7.8
FB-21,2026-09-18,8,8,7.9
FB-21,2026-09-19,8,8,9.4
FB-21,2026-09-20,8,8,9.2
FB-21,2026-09-21,8,8,7.6
FB-21,2026-09-22,8,8,8.5
FB-21,2026-09-23,8,8,8.1
FB-21,2026-09-24,7,8,9.0
FB-21,2026-09-25,8,8,7.0
FB-21,2026-09-26,7,8,11.7
FB-21,2026-09-27,8,8,10.1
FB-21,2026-09-28,8,8,7.8
FB-21,2026-09-29,7,8,9.4
FB-21,2026-09-30,8,8,8.2
FB-21,2026-10-01,8,8,8.5
FB-21,2026-10-02,8,8,7.9
FB-21,2026-10-03,8,8,8.9
FB-21,2026-10-04,8,8,9.1
FB-21,2026-10-05,8,8,7.6
FB-21,2026-10-06,8,8,8.8
FB-21,2026-10-07,8,8,8.1
FB-21,2026-10-08,8,8,7.5
FB-21,2026-10-09,8,8,7.0
FB-21,2026-10-10,7,8,10.1
FB-21,2026-10-11,8,8,8.6
FB-21,2026-10-12,8,8,9.4
FB-21,2026-10-13,7,8,9.9
FB-21,2026-10-14,8,8,8.1
FB-21,2026-10-15,8,8,7.2
FB-21,2026-10-16,8,8,7.2
FB-21,2026-10-17,7,8,11.6
FB-21,2026-10-18,8,8,9.2
FB-21,2026-10-19,7,8,9.7
FB-21,2026-10-20,8,8,8.6
FB-21,2026-10-21,8,8,7.2
FB-21,2026-10-22,8,8,8.0
FB-21,2026-10-23,8,8,6.9
FB-21,2026-10-24,8,8,9.1
FB-21,2026-10-25,8,8,8.8
FB-21,2026-10-26,7,8,8.9
FB-21,2026-10-27,8,8,7.8
FB-21,2026-10-28,7,8,9.4
FB-21,2026-10-29,8,8,8.5
FB-21,2026-10-30,8,8,7.8
FB-21,2026-10-31,8,8,8.8
FB-21,2026-11-01,8,8,9.0
FB-21,2026-11-02,8,8,7.6
FB-21,2026-11-03,8,8,7.6
FB-21,2026-11-04,8,8,6.9
FB-21,2026-11-05,8,8,7.9
FB-21,2026-11-06,8,8,8.1
FB-21,2026-11-07,8,8,9.6
FB-21,2026-11-08,8,8,10.6
FB-21,2026-11-09,8,8,7.9
FB-21,2026-11-10,8,8,7.6
FB-21,2026-11-11,8,8,7.9
FB-21,2026-11-12,8,8,8.2
FB-21,2026-11-13,8,8,9.1
FB-21,2026-11-14,8,8,10.4
FB-21,2026-11-15,8,8,9.4
FB-22,2026-09-17,11,12,9.7
FB-22,2026-09-18,12,12,8.5
FB-22,2026-09-19,12,12,9.6
FB-22,2026-09-20,12,12,9.4
FB-22,2026-09-21,12,12,8.4
FB-22,2026-09-22,12,12,7.6
FB-22,2026-09-23,12,12,8.4
FB-22,2026-09-24,11,12,9.4
FB-22,2026-09-25,12,12,7.6
FB-22,2026-09-26,12,12,9.5
FB-22,2026-09-27,12,12,10.2
FB-22,2026-09-28,12,12,8.2
FB-22,2026-09-29,12,12,7.5
FB-22,2026-09-30,12,12,8.4
FB-22,2026-10-01,11,12,7.8
FB-22,2026-10-02,11,12,8.3
FB-22,2026-10-03,12,12,8.1
FB-22,2026-10-04,12,12,8.3
FB-22,2026-10-05,12,12,7.6
FB-22,2026-10-06,12,12,8.4
FB-22,2026-10-07,12,12,8.4
FB-22,2026-10-08,12,12,7.5
FB-22,2026-10-09,11,12,8.7
FB-22,2026-10-10,11,12,9.8
FB-22,2026-10-11,12,12,9.6
FB-22,2026-10-12,11,12,8.5
FB-22,2026-10-13,11,12,9.0
FB-22,2026-10-14,12,12,7.9
FB-22,2026-10-15,12,12,8.1
FB-22,2026-10-16,12,12,9.6
FB-22,2026-10-17,12,12,9.0
FB-22,2026-10-18,12,12,9.0
FB-22,2026-10-19,12,12,7.8
FB-22,2026-10-20,12,12,8.2
FB-22,2026-10-21,12,12,7.8
FB-22,2026-10-22,12,12,8.6
FB-22,2026-10-23,12,12,8.5
FB-22,2026-10-24,12,12,10.5
FB-22,2026-10-25,12,12,7.9
FB-22,2026-10-26,12,12,9.2
FB-22,2026-10-27,12,12,7.8
FB-22,2026-10-28,12,12,8.3
FB-22,2026-10-29,12,12,7.5
FB-22,2026-10-30,12,12,8.2
FB-22,2026-10-31,12,12,9.2
FB-22,2026-11-01,12,12,9.3
FB-22,2026-11-02,12,12,7.8
FB-22,2026-11-03,12,12,7.4
FB-22,2026-11-04,12,12,8.8
FB-22,2026-11-05,12,12,8.1
FB-22,2026-11-06,12,12,8.8
FB-22,2026-11-07,12,12,8.8
FB-22,2026-11-08,12,12,8.4
FB-22,2026-11-09,11,12,8.6
FB-22,2026-11-10,12,12,7.8
FB-22,2026-11-11,12,12,7.8
FB-22,2026-11-12,12,12,8.6
FB-22,2026-11-13,12,12,8.4
FB-22,2026-11-14,12,12,8.4
FB-22,2026-11-15,12,12,9.3
FB-23,2026-09-17,8,8,8.0
FB-23,2026-09-18,8,8,7.8
FB-23,2026-09-19,8,8,9.1
FB-23,2026-09-20,8,8,9.0
FB-23,2026-09-21,8,8,8.2
FB-23,2026-09-22,8,8,9.1
FB-23,2026-09-23,8,8,8.1
FB-23,2026-09-24,7,8,8.4
FB-23,2026-09-25,8,8,7.6
FB-23,2026-09-26,8,8,8.4
FB-23,2026-09-27,8,8,9.5
FB-23,2026-09-28,8,8,8.1
FB-23,2026-09-29,8,8,9.2
FB-23,2026-09-30,8,8,9.8
FB-23,2026-10-01,8,8,8.0
FB-23,2026-10-02,7,8,9.1
FB-23,2026-10-03,7,8,10.4
FB-23,2026-10-04,8,8,10.2
FB-23,2026-10-05,8,8,9.8
FB-23,2026-10-06,7,8,10.9
FB-23,2026-10-07,8,8,7.5
FB-23,2026-10-08,8,8,7.0
FB-23,2026-10-09,8,8,9.0
FB-23,2026-10-10,8,8,9.5
FB-23,2026-10-11,8,8,9.0
FB-23,2026-10-12,8,8,7.9
FB-23,2026-10-13,8,8,8.0
FB-23,2026-10-14,8,8,8.9
FB-23,2026-10-15,8,8,7.9
FB-23,2026-10-16,8,8,7.9
FB-23,2026-10-17,8,8,10.0
FB-23,2026-10-18,8,8,10.0
FB-23,2026-10-19,8,8,7.6
FB-23,2026-10-20,8,8,6.9
FB-23,2026-10-21,8,8,8.6
FB-23,2026-10-22,7,8,8.3
FB-23,2026-10-23,8,8,7.0
FB-23,2026-10-24,8,8,9.5
FB-23,2026-10-25,7,8,10.7
FB-23,2026-10-26,8,8,8.6
FB-23,2026-10-27,8,8,7.6
FB-23,2026-10-28,8,8,8.1
FB-23,2026-10-29,8,8,6.6
FB-23,2026-10-30,8,8,7.6
FB-23,2026-10-31,8,8,9.1
FB-23,2026-11-01,8,8,9.1
FB-23,2026-11-02,8,8,8.0
FB-23,2026-11-03,8,8,7.4
FB-23,2026-11-04,8,8,7.9
FB-23,2026-11-05,8,8,8.0
FB-23,2026-11-06,8,8,7.6
FB-23,2026-11-07,8,8,9.5
FB-23,2026-11-08,8,8,9.9
FB-23,2026-11-09,8,8,8.2
FB-23,2026-11-10,8,8,7.9
FB-23,2026-11-11,8,8,7.6
FB-23,2026-11-12,8,8,7.4
FB-23,2026-11-13,7,8,8.9
FB-23,2026-11-14,8,8,9.2
FB-23,2026-11-15,8,8,10.0
FB-24,2026-09-17,5,5,11.2
FB-24,2026-09-18,5,5,8.4
FB-24,2026-09-19,5,5,10.0
FB-24,2026-09-20,5,5,10.0
FB-24,2026-09-21,5,5,10.2
FB-24,2026-09-22,5,5,8.8
FB-24,2026-09-23,5,5,8.6
FB-24,2026-09-24,5,5,9.6
FB-24,2026-09-25,5,5,10.0
FB-24,2026-09-26,4,5,10.5
FB-24,2026-09-27,4,5,15.0
FB-24,2026-09-28,4,5,11.5
FB-24,2026-09-29,5,5,8.8
FB-24,2026-09-30,5,5,10.0
FB-24,2026-10-01,5,5,10.6
FB-24,2026-10-02,5,5,9.0
FB-24,2026-10-03,5,5,9.2
FB-24,2026-10-04,4,5,13.0
FB-24,2026-10-05,5,5,8.8
FB-24,2026-10-06,5,5,9.0
FB-24,2026-10-07,5,5,9.8
FB-24,2026-10-08,5,5,8.8
FB-24,2026-10-09,5,5,9.4
FB-24,2026-10-10,5,5,9.4
FB-24,2026-10-11,5,5,9.6
FB-24,2026-10-12,5,5,9.2
FB-24,2026-10-13,4,5,11.5
FB-24,2026-10-14,5,5,9.0
FB-24,2026-10-15,5,5,9.8
FB-24,2026-10-16,5,5,10.2
FB-24,2026-10-17,5,5,9.6
FB-24,2026-10-18,5,5,11.2
FB-24,2026-10-19,5,5,8.0
FB-24,2026-10-20,5,5,8.8
FB-24,2026-10-21,5,5,8.2
FB-24,2026-10-22,5,5,9.4
FB-24,2026-10-23,5,5,9.6
FB-24,2026-10-24,4,5,14.8
FB-24,2026-10-25,4,5,13.2
FB-24,2026-10-26,5,5,8.8
FB-24,2026-10-27,5,5,9.4
FB-24,2026-10-28,5,5,7.8
FB-24,2026-10-29,5,5,9.0
FB-24,2026-10-30,5,5,9.6
FB-24,2026-10-31,5,5,11.8
FB-24,2026-11-01,5,5,11.2
FB-24,2026-11-02,5,5,10.0
FB-24,2026-11-03,5,5,8.6
FB-24,2026-11-04,5,5,10.2
FB-24,2026-11-05,5,5,8.8
FB-24,2026-11-06,4,5,13.0
FB-24,2026-11-07,5,5,9.6
FB-24,2026-11-08,5,5,10.8
FB-24,2026-11-09,5,5,10.0
FB-24,2026-11-10,5,5,9.6
FB-24,2026-11-11,5,5,9.6
FB-24,2026-11-12,5,5,9.6
FB-24,2026-11-13,5,5,9.2
FB-24,2026-11-14,4,5,12.0
FB-24,2026-11-15,5,5,10.2
FB-25,2026-09-17,8,8,8.1
FB-25,2026-09-18,8,8,9.5
FB-25,2026-09-19,8,8,9.1
FB-25,2026-09-20,8,8,8.1
FB-25,2026-09-21,7,8,9.7
FB-25,2026-09-22,8,8,7.6
FB-25,2026-09-23,8,8,8.2
FB-25,2026-09-24,8,8,9.1
FB-25,2026-09-25,8,8,8.4
FB-25,2026-09-26,8,8,9.4
FB-25,2026-09-27,7,8,11.6
FB-25,2026-09-28,8,8,7.4
FB-25,2026-09-29,8,8,6.9
FB-25,2026-09-30,8,8,8.0
FB-25,2026-10-01,8,8,7.6
FB-25,2026-10-02,8,8,7.5
FB-25,2026-10-03,8,8,9.2
FB-25,2026-10-04,8,8,10.0
FB-25,2026-10-05,8,8,8.2
FB-25,2026-10-06,8,8,8.5
FB-25,2026-10-07,7,8,9.1
FB-25,2026-10-08,8,8,7.5
FB-25,2026-10-09,8,8,8.6
FB-25,2026-10-10,7,8,9.9
FB-25,2026-10-11,8,8,9.2
FB-25,2026-10-12,8,8,8.1
FB-25,2026-10-13,8,8,8.1
FB-25,2026-10-14,8,8,7.9
FB-25,2026-10-15,8,8,8.1
FB-25,2026-10-16,8,8,7.9
FB-25,2026-10-17,8,8,9.4
FB-25,2026-10-18,8,8,8.9
FB-25,2026-10-19,7,8,9.3
FB-25,2026-10-20,8,8,7.9
FB-25,2026-10-21,8,8,7.4
FB-25,2026-10-22,8,8,8.9
FB-25,2026-10-23,7,8,9.3
FB-25,2026-10-24,7,8,9.7
FB-25,2026-10-25,8,8,10.2
FB-25,2026-10-26,7,8,9.3
FB-25,2026-10-27,7,8,9.6
FB-25,2026-10-28,8,8,9.0
FB-25,2026-10-29,8,8,9.1
FB-25,2026-10-30,7,8,8.0
FB-25,2026-10-31,8,8,7.9
FB-25,2026-11-01,8,8,9.8
FB-25,2026-11-02,8,8,8.5
FB-25,2026-11-03,8,8,8.8
FB-25,2026-11-04,8,8,7.8
FB-25,2026-11-05,8,8,7.4
FB-25,2026-11-06,8,8,8.2
FB-25,2026-11-07,8,8,8.5
FB-25,2026-11-08,8,8,9.1
FB-25,2026-11-09,8,8,8.0
FB-25,2026-11-10,8,8,7.9
FB-25,2026-11-11,8,8,9.8
FB-25,2026-11-12,7,8,10.1
FB-25,2026-11-13,8,8,8.4
FB-25,2026-11-14,7,8,10.1
FB-25,2026-11-15,7,8,11.9
