store,location,franchisee,format,operating_status
FB-01,Jayanagar,Vasavi Retail,Express,Open
FB-02,BTM Layout,Kaveri Traders,Standard,Open
FB-03,Banashankari,Prakruti Foods,Express,Open
FB-04,Basavanagudi,Sowbhagya Stores,Standard,Open
FB-05,JP Nagar,Annapoorna Foods,Standard,Open (closed 2026-11-07 to 2026-11-08 for planned renovation)
FB-06,Koramangala,Sri Lakshmi Retail,Standard,Open
FB-07,HSR Layout,Vasavi Retail,Express,Open
FB-08,Indiranagar,Prakruti Foods,Standard,Open
FB-09,Domlur,Sowbhagya Stores,Express,Open
FB-10,Malleshwaram,Green Leaf Ventures,Express,Open
FB-11,Rajajinagar,Vasavi Retail,Express,Open
FB-12,Vijayanagar,Nandi Enterprises,Large,Open
FB-13,RT Nagar,Green Leaf Ventures,Large,Open
FB-14,Hebbal,Sri Lakshmi Retail,Standard,Open
FB-15,Yelahanka,Nandi Enterprises,Express,Open
FB-16,Whitefield,Nandi Enterprises,Standard,Open
FB-17,Marathahalli,Sri Lakshmi Retail,Standard,Open
FB-18,Bellandur,Green Leaf Ventures,Express,Open
FB-19,Electronic City,Vasavi Retail,Standard,Open
FB-20,Kengeri,Nandi Enterprises,Standard,Open
FB-21,Nagarbhavi,Annapoorna Foods,Standard,Open
FB-22,Hennur,Green Leaf Ventures,Large,Open
FB-23,Kalyan Nagar,Prakruti Foods,Standard,Open
FB-24,Sahakar Nagar,Sri Lakshmi Retail,Express,Open
FB-25,Ulsoor,Sowbhagya Stores,Standard,Open
